tick,phi_total,threat_delta,pc_N,wormhole_P,omega_coherency,omega_entangle,omega_novelty,ring_state,continuity_ok,action
0,0.9268,0.2227,0.6309,0.4417,0.5367,0.754,0.2755,0.0,True,REWRITE:Ω_FRAME
1,0.9226,0.2087,0.9736,0.961,1.0696,1.4847,0.5215,0.0429,True,REWRITE:Ω_FRAME
2,0.9291,0.0803,0.8386,0.995,1.563,2.168,0.8042,0.161,False,REWRITE:Ω_FRAME
3,0.9301,0.2281,0.9336,1.0,2.0429,2.9038,1.084,0.1856,True,REWRITE:Ω_FRAME
4,0.9322,0.0274,0.6936,0.9117,2.5202,3.6242,1.42,0.2632,True,REWRITE:Ω_FRAME
5,0.9342,0.2332,1.0341,0.9994,2.9977,4.3343,1.6613,0.3166,True,REWRITE:Ω_FRAME
6,0.9394,0.0155,0.6142,0.1459,3.4869,4.9674,1.9446,0.4069,True,REWRITE:Ω_FRAME
7,0.9519,0.284,0.8261,0.8433,3.9707,5.6515,2.3439,0.5016,True,REWRITE:Ω_FRAME
8,0.9484,0.0529,0.6976,0.9635,4.4617,6.2915,2.6553,0.4855,True,REWRITE:Ω_FRAME
9,0.9491,0.0154,0.8653,0.999,4.9607,7.0006,2.9143,0.5501,True,REWRITE:Ω_FRAME
10,0.9254,0.2753,0.5262,0.7145,5.5292,7.7368,3.2198,0.5562,True,REWRITE:Ω_FRAME
11,0.951,0.0932,0.9532,0.2272,5.989,8.4124,3.5504,0.6104,True,REWRITE:Ω_FRAME
12,0.9296,0.0779,0.4984,0.6778,6.5187,9.0699,3.8446,0.5996,True,REWRITE:Ω_FRAME
13,0.9561,0.1185,0.7755,0.0413,6.9737,9.7621,4.2455,0.6139,True,REWRITE:Ω_FRAME
14,0.9535,0.007,0.759,0.2327,7.4886,10.4251,4.6212,0.6251,True,REWRITE:Ω_FRAME
15,0.96,0.1278,0.7196,0.8893,7.9681,11.0756,4.9119,0.6401,True,REWRITE:Ω_FRAME
16,0.9304,0.0409,0.4584,0.3252,8.3788,11.8481,5.2613,0.6587,True,REWRITE:Ω_FRAME
17,0.9577,0.0515,0.8397,0.4144,8.8493,12.5599,5.4814,0.6476,True,REWRITE:Ω_FRAME
18,0.9394,0.09,0.4433,0.1269,9.4007,13.237,5.8163,0.6369,True,REWRITE:Ω_FRAME
19,0.9605,0.1466,0.8138,0.6441,9.8852,13.9201,6.1081,0.6605,True,REWRITE:Ω_FRAME
20,0.9578,0.0136,0.6858,0.4915,10.373,14.6528,6.38,0.7036,True,REWRITE:Ω_FRAME
21,0.9465,0.0996,0.6766,0.9955,10.8895,15.3633,6.6855,0.7346,True,REWRITE:Ω_FRAME
22,0.9082,0.0323,0.4193,0.9549,11.3523,16.0295,7.0284,0.7117,True,REWRITE:Ω_FRAME
23,0.9329,0.1697,0.8517,0.9969,11.7878,16.7946,7.4152,0.684,True,REWRITE:Ω_FRAME
24,0.9018,0.1861,0.5076,0.5107,12.2814,17.4174,7.7757,0.725,True,REWRITE:Ω_FRAME
25,0.9208,0.014,0.6453,0.9662,12.7507,18.1203,8.1234,0.7669,True,REWRITE:Ω_FRAME
26,0.8963,0.0254,0.5649,0.6614,13.1893,18.8663,8.4477,0.7603,True,REWRITE:Ω_FRAME
27,0.9259,0.0765,0.7396,0.8737,13.7077,19.5351,8.7756,0.7442,True,REWRITE:Ω_FRAME
28,0.9017,0.2419,0.393,0.9932,14.2096,20.1954,9.084,0.7115,True,REWRITE:Ω_FRAME
29,0.9171,0.0239,0.893,0.9753,14.73,20.9546,9.3998,0.7632,True,REWRITE:Ω_FRAME
30,0.8902,0.0561,0.386,0.5963,15.2054,21.6394,9.6648,0.8101,True,REWRITE:Ω_FRAME
31,0.9277,0.0937,0.6311,0.8497,15.6964,22.3838,9.929,0.7936,True,REWRITE:Ω_FRAME
32,0.9237,0.1527,0.6048,0.8551,16.2535,23.0383,10.2035,0.8178,True,REWRITE:Ω_FRAME
33,0.9215,0.044,0.6,0.92,16.7698,23.6822,10.5068,0.8421,True,REWRITE:Ω_FRAME
34,0.9153,0.0135,0.5955,0.6661,17.2299,24.3785,10.8262,0.8606,True,REWRITE:Ω_FRAME
35,0.9163,0.069,0.792,0.9983,17.7394,25.0688,11.1572,0.8936,True,REWRITE:Ω_FRAME
36,0.9071,0.007,0.3684,0.7876,18.1991,25.7672,11.4392,0.9416,True,REWRITE:Ω_FRAME
37,0.9349,0.007,0.5829,0.9008,18.6876,26.409,11.7755,0.989,True,REWRITE:Ω_FRAME
38,0.9109,0.0086,0.579,0.6393,19.1664,27.1576,12.1017,0.9441,True,REWRITE:Ω_FRAME
39,0.9323,0.009,0.7424,0.18,19.7162,27.8918,12.414,0.9439,True,REWRITE:Ω_FRAME
40,0.916,0.2507,0.3588,0.9173,20.1567,28.6159,12.6952,0.8966,True,REWRITE:Ω_FRAME
41,0.9372,0.0344,0.8179,0.2719,20.6774,29.3275,12.9773,0.9389,True,REWRITE:Ω_FRAME
42,0.9152,0.003,0.3545,0.5978,21.2636,30.0212,13.3034,0.9235,True,REWRITE:Ω_FRAME
43,0.9455,0.0262,0.6571,0.9986,21.7588,30.7925,13.5736,0.9976,True,REWRITE:Ω_FRAME
44,0.9465,0.0645,0.6534,0.9894,22.2244,31.4352,13.8834,1.0304,True,REWRITE:Ω_FRAME
45,0.9234,0.1642,0.5555,0.999,22.7433,32.0962,14.2236,1.031,True,REWRITE:Ω_FRAME
46,0.9253,0.0595,0.3468,0.0109,23.303,32.8813,14.5289,1.0338,True,REWRITE:Ω_FRAME
47,0.9476,0.0372,0.7607,0.926,23.7473,33.5122,14.8346,1.0039,True,REWRITE:Ω_FRAME
48,0.9261,0.0491,0.4255,0.6,24.2075,34.2935,15.1119,1.0161,True,REWRITE:Ω_FRAME
49,0.9554,0.2313,0.6367,0.9417,24.591,35.0221,15.443,1.036,True,REWRITE:Ω_FRAME
50,0.9323,0.225,0.5416,0.9552,25.1186,35.705,15.7963,1.0641,True,REWRITE:Ω_FRAME
51,0.9529,0.018,0.6306,0.3341,25.6232,36.3647,16.1352,1.0512,True,REWRITE:Ω_FRAME
52,0.9316,0.0515,0.3368,0.6506,26.1155,37.0888,16.364,1.1837,False,REWRITE:Ω_FRAME
53,0.9529,0.1498,0.6893,0.6346,26.5564,37.782,16.6583,1.2332,True,REWRITE:Ω_FRAME
54,0.932,0.0132,0.5318,0.9454,27.0843,38.4447,16.9484,1.2352,True,REWRITE:Ω_FRAME
55,0.9542,0.0134,0.6834,0.6979,27.5437,39.1024,17.2079,1.1486,True,REWRITE:Ω_FRAME
56,0.9394,0.0274,0.5273,0.8771,28.08,39.8679,17.4312,1.1366,True,REWRITE:Ω_FRAME
57,0.9444,0.0655,0.5252,0.921,28.588,40.5793,17.7005,1.1363,True,REWRITE:Ω_FRAME
58,0.9404,0.0751,0.3283,0.1555,29.0788,41.3038,18.0336,1.1861,True,REWRITE:Ω_FRAME
59,0.9623,0.1341,0.8487,0.8971,29.5593,42.0011,18.3765,1.1536,True,REWRITE:Ω_FRAME
60,0.9417,0.276,0.3258,0.8026,30.0101,42.6907,18.652,1.0687,True,REWRITE:Ω_FRAME
61,0.9398,0.1422,0.517,0.7153,30.492,43.2827,18.9254,1.0506,True,REWRITE:Ω_FRAME
62,0.9688,0.1299,0.6026,0.5131,30.9488,43.9923,19.2437,1.0909,True,REWRITE:Ω_FRAME
63,0.9418,0.0996,0.5605,0.4253,31.4017,44.6854,19.4816,1.0822,True,REWRITE:Ω_FRAME
64,0.9377,0.0657,0.5114,0.2102,31.9076,45.3821,19.742,1.049,True,REWRITE:Ω_FRAME
65,0.9598,0.0699,0.7335,0.1596,32.3539,46.0819,20.0884,1.14,True,REWRITE:Ω_FRAME
66,0.9285,0.089,0.3188,0.9533,32.791,46.7986,20.3359,1.1699,True,REWRITE:Ω_FRAME
67,0.9523,0.5918,0.5921,0.8574,33.2601,47.4856,20.6992,1.1978,True,REWRITE:Ω_FRAME
68,0.9332,0.0913,0.5044,0.9961,33.8346,48.1778,20.9867,1.1509,True,REWRITE:Ω_FRAME
69,0.9772,0.2199,0.7237,0.9999,34.3279,48.8342,21.3302,1.1631,True,REWRITE:Ω_FRAME
70,0.9525,0.0569,0.3146,0.8716,34.8495,49.5168,21.6046,1.2231,True,REWRITE:Ω_FRAME
71,0.9744,0.1773,0.7296,1.0,35.327,50.1947,21.9334,1.1539,True,REWRITE:Ω_FRAME
72,0.9548,0.1383,0.3126,0.8554,35.8737,50.8643,22.2472,1.1899,True,REWRITE:Ω_FRAME
73,0.9516,0.0988,0.4965,0.2581,36.371,51.5115,22.5882,1.184,True,REWRITE:Ω_FRAME
74,0.9621,0.049,0.5791,0.8576,36.8552,52.2494,22.9083,1.1702,True,REWRITE:Ω_FRAME
75,0.9589,0.3351,0.5774,0.6319,37.4335,52.9901,23.2115,1.159,True,REWRITE:Ω_FRAME
76,0.9585,0.0023,0.4921,0.9822,37.9191,53.6482,23.5521,1.1825,True,REWRITE:Ω_FRAME
77,0.9947,0.0353,0.7063,0.5552,38.41,54.2848,23.8657,1.1629,True,REWRITE:Ω_FRAME
78,0.9655,0.0164,0.3071,0.9976,38.9088,55.0117,24.2316,1.1683,True,REWRITE:Ω_FRAME
79,0.991,0.1418,0.6753,0.9928,39.4886,55.7035,24.547,1.1624,True,REWRITE:Ω_FRAME
80,0.9682,0.1458,0.4707,0.9848,39.9838,56.4278,24.8094,1.1507,True,REWRITE:Ω_FRAME
81,0.9681,0.1099,0.4853,0.9299,40.4734,57.1348,25.1137,1.1542,True,REWRITE:Ω_FRAME
82,0.966,0.0935,0.3038,0.7544,40.985,57.818,25.3804,1.1716,True,REWRITE:Ω_FRAME
83,0.9878,0.0121,0.7863,0.9786,41.4862,58.5392,25.6543,1.1775,True,REWRITE:Ω_FRAME
84,0.9527,0.3317,0.4815,0.9982,41.9915,59.2774,25.9862,1.0904,True,REWRITE:Ω_FRAME
85,0.9492,0.0656,0.4803,0.6891,42.4922,60.0136,26.2812,1.1055,True,REWRITE:Ω_FRAME
86,0.9486,0.0232,0.479,0.8185,42.9666,60.7632,26.6015,1.1221,True,REWRITE:Ω_FRAME
87,0.9766,0.0609,0.6167,0.4491,43.469,61.4843,26.8808,1.134,True,REWRITE:Ω_FRAME
88,0.9577,0.0769,0.2992,0.8367,43.986,62.1925,27.1755,1.1986,True,REWRITE:Ω_FRAME
89,0.9839,0.1304,0.7746,0.792,44.4723,62.9213,27.4753,1.2016,True,REWRITE:Ω_FRAME
90,0.9509,0.0836,0.4744,0.3292,45.0014,63.7043,27.7388,1.2579,True,REWRITE:Ω_FRAME
91,0.9396,0.1206,0.5537,0.9869,45.4848,64.4055,28.0991,1.2381,True,REWRITE:Ω_FRAME
92,0.9345,0.0359,0.4722,0.2629,45.9514,65.1266,28.4678,1.2742,True,REWRITE:Ω_FRAME
93,0.9318,0.0823,0.4711,0.9999,46.3732,65.8305,28.8258,1.3401,True,REWRITE:Ω_FRAME
94,0.9326,0.406,0.47,0.9983,46.892,66.5118,29.1261,1.2926,True,REWRITE:Ω_FRAME
95,0.9595,0.012,0.6849,0.8218,47.3601,67.1604,29.3881,1.2883,True,REWRITE:Ω_FRAME
96,0.9338,0.0845,0.2937,0.9454,47.8148,67.8656,29.7269,1.268,True,REWRITE:Ω_FRAME
97,0.9313,0.0821,0.5463,0.2499,48.336,68.5068,30.0658,1.2195,True,REWRITE:Ω_FRAME
98,0.9291,0.0097,0.5451,0.7739,48.8012,69.2206,30.3869,1.2102,True,REWRITE:Ω_FRAME
99,0.9584,0.0659,0.6229,0.5822,49.3529,69.9034,30.6242,1.2487,True,REWRITE:Ω_FRAME
100,0.9319,0.0328,0.2912,0.1506,49.8978,70.6161,30.9057,1.2188,True,REWRITE:Ω_FRAME
101,0.9509,0.0768,0.6664,0.9397,50.3617,71.338,31.1959,1.2217,True,REWRITE:Ω_FRAME
102,0.9254,0.0621,0.29,0.5026,50.8305,72.0511,31.4498,1.2886,True,REWRITE:Ω_FRAME
103,0.9364,0.0136,0.595,0.747,51.3196,72.8292,31.7634,1.2581,True,REWRITE:Ω_FRAME
104,0.9348,0.0123,0.6623,0.2357,51.7904,73.527,32.0972,1.2906,True,REWRITE:Ω_FRAME
105,0.922,0.175,0.4593,0.0679,52.3005,74.2124,32.3962,1.2779,True,REWRITE:Ω_FRAME
106,0.9199,0.288,0.2877,0.9904,52.8176,74.9691,32.7454,1.2825,True,REWRITE:Ω_FRAME
107,0.9365,0.0351,0.6681,0.0036,53.3362,75.6853,33.0616,1.2492,True,REWRITE:Ω_FRAME
108,0.9148,0.1841,0.2866,0.9928,53.8093,76.3307,33.312,1.2505,True,REWRITE:Ω_FRAME
109,0.9285,0.0239,0.6559,0.4366,54.2664,77.0362,33.6112,1.2569,True,REWRITE:Ω_FRAME
110,0.8938,0.0158,0.4549,0.8223,54.7199,77.7531,33.8306,1.235,True,REWRITE:Ω_FRAME
111,0.9066,0.0484,0.6283,0.9826,55.2548,78.4212,34.1738,1.173,True,REWRITE:Ω_FRAME
112,0.8801,0.0212,0.2844,0.8361,55.7439,79.1568,34.4974,1.2162,True,REWRITE:Ω_FRAME
113,0.9118,0.1204,0.6511,0.7749,56.3086,79.8301,34.8832,1.2059,True,REWRITE:Ω_FRAME
114,0.8951,0.0397,0.4515,0.4585,56.7966,80.5201,35.209,1.2315,True,REWRITE:Ω_FRAME
115,0.8953,0.0602,0.5273,0.8554,57.2779,81.217,35.5037,1.1909,True,REWRITE:Ω_FRAME
116,0.8919,0.2997,0.5264,0.2667,57.808,81.863,35.769,1.1623,True,REWRITE:Ω_FRAME
117,0.8835,0.1047,0.4491,0.9252,58.3659,82.5782,36.0214,1.191,True,REWRITE:Ω_FRAME
118,0.885,0.0666,0.4484,0.5741,58.8699,83.2796,36.3379,1.1629,True,REWRITE:Ω_FRAME
119,0.9033,0.0526,0.7893,0.7767,59.3293,83.9673,36.6903,1.1887,True,REWRITE:Ω_FRAME
120,0.8807,0.5962,0.3476,0.0526,59.8343,84.6907,37.0295,1.1168,True,REWRITE:Ω_FRAME
121,0.8821,0.0382,0.4461,0.5222,60.2875,85.4507,37.3253,1.1147,True,REWRITE:Ω_FRAME
122,0.883,0.0063,0.4453,0.9957,60.775,86.171,37.637,1.0764,True,REWRITE:Ω_FRAME
123,0.8828,0.1918,0.5202,0.9709,61.2114,86.7547,37.8635,1.085,True,REWRITE:Ω_FRAME
124,0.8706,0.086,0.3927,0.6063,61.7271,87.444,38.1317,1.0675,True,REWRITE:Ω_FRAME
125,0.9013,0.2429,0.7219,0.7921,62.241,88.1487,38.4067,1.0258,True,REWRITE:Ω_FRAME
126,0.8708,0.0033,0.2777,0.8719,62.738,88.7892,38.73,1.0476,True,REWRITE:Ω_FRAME
127,0.8671,0.0168,0.5043,0.8893,63.2618,89.4171,39.0236,1.0585,True,REWRITE:Ω_FRAME
128,0.8776,0.1761,0.4411,0.4688,63.6816,90.1567,39.294,1.049,True,REWRITE:Ω_FRAME
129,0.9061,0.0141,0.6339,0.5377,64.214,90.918,39.6153,1.0441,True,REWRITE:Ω_FRAME
130,0.898,0.2142,0.276,0.4682,64.736,91.6004,39.9428,1.0952,True,REWRITE:Ω_FRAME
131,0.9225,0.0133,0.7151,0.8942,65.2626,92.3585,40.2235,1.1421,True,REWRITE:Ω_FRAME
132,0.8983,0.1354,0.4384,0.4953,65.7322,93.0662,40.5799,1.0899,True,REWRITE:Ω_FRAME
133,0.9035,0.0252,0.4377,0.8501,66.2448,93.7912,40.9338,1.1389,True,REWRITE:Ω_FRAME
134,0.9093,0.0787,0.564,0.5873,66.7268,94.5041,41.3234,1.1032,True,REWRITE:Ω_FRAME
135,0.9144,0.062,0.5632,0.0995,67.2889,95.2015,41.6365,1.1099,True,REWRITE:Ω_FRAME
136,0.9125,0.0069,0.2735,0.2437,67.7803,95.8959,41.9351,1.0821,True,REWRITE:Ω_FRAME
137,0.9404,0.0343,0.6263,0.0037,68.2655,96.5684,42.2783,1.0635,True,REWRITE:Ω_FRAME
138,0.9148,0.0408,0.2727,0.997,68.7746,97.3248,42.6382,1.0475,True,REWRITE:Ω_FRAME
139,0.9474,0.3718,0.7068,0.9634,69.3363,98.0705,42.8357,1.0509,True,REWRITE:Ω_FRAME
140,0.9261,0.0182,0.4333,0.995,69.8685,98.8071,43.1192,1.0035,True,REWRITE:Ω_FRAME
141,0.9223,0.0549,0.4327,0.3926,70.3939,99.5634,43.3805,1.0339,True,REWRITE:Ω_FRAME
142,0.9227,0.1814,0.4321,0.0888,70.8822,100.3103,43.7424,1.0851,True,REWRITE:Ω_FRAME
143,0.9452,0.0438,0.6705,0.9938,71.3569,100.9861,43.9687,1.0711,True,REWRITE:Ω_FRAME
144,0.9354,0.2309,0.4309,0.9787,71.8912,101.7157,44.2369,1.064,True,REWRITE:Ω_FRAME
145,0.9344,0.0965,0.4303,0.0243,72.3633,102.4344,44.5727,1.0752,True,REWRITE:Ω_FRAME
146,0.9373,0.0981,0.5027,0.7362,72.828,103.1402,44.9099,1.1322,True,REWRITE:Ω_FRAME
147,0.9272,0.0573,0.5021,0.9977,73.3194,103.8472,45.3222,1.1261,True,REWRITE:Ω_FRAME
148,0.9297,0.0888,0.269,0.9641,73.8153,104.5067,45.572,1.1401,True,REWRITE:Ω_FRAME
149,0.9444,0.0944,0.6972,0.6688,74.2902,105.1855,45.9445,1.1509,True,REWRITE:Ω_FRAME
150,0.9151,0.3836,0.2683,0.9999,74.7609,105.849,46.2328,1.1242,True,REWRITE:Ω_FRAME
151,0.9159,0.0051,0.5509,0.9075,75.3084,106.5638,46.5616,1.1439,True,REWRITE:Ω_FRAME
152,0.9078,0.1216,0.4988,0.5982,75.847,107.2601,46.7765,1.1598,True,REWRITE:Ω_FRAME
153,0.937,0.1109,0.6129,0.9837,76.3145,107.972,47.1057,1.1699,True,REWRITE:Ω_FRAME
154,0.9208,0.0872,0.4253,0.6344,76.8212,108.6114,47.3249,1.1612,True,REWRITE:Ω_FRAME
155,0.9403,0.0877,0.6918,0.4337,77.3707,109.2684,47.5911,1.1404,True,REWRITE:Ω_FRAME
156,0.9235,0.107,0.2663,0.1832,77.881,109.9531,47.8621,1.171,True,REWRITE:Ω_FRAME
157,0.9219,0.1427,0.4237,0.741,78.3879,110.627,48.1207,1.16,True,REWRITE:Ω_FRAME
158,0.939,0.1638,0.4232,0.2473,78.8441,111.2757,48.3447,1.1356,True,REWRITE:Ω_FRAME
159,0.9557,0.0508,0.6172,0.9486,79.3769,111.9553,48.644,1.1543,True,REWRITE:Ω_FRAME
160,0.9389,0.0331,0.4221,0.9783,79.8067,112.6043,48.9172,1.079,True,REWRITE:Ω_FRAME
161,0.9673,0.0912,0.5835,0.9413,80.304,113.3029,49.2024,1.089,True,REWRITE:Ω_FRAME
162,0.9481,0.1119,0.2643,0.8144,80.8421,114.0352,49.5521,1.0648,True,REWRITE:Ω_FRAME
163,0.944,0.0187,0.4921,0.9451,81.3049,114.6988,49.8255,1.056,True,REWRITE:Ω_FRAME
164,0.9744,0.1543,0.6047,0.9235,81.8245,115.4402,50.1249,1.0386,True,REWRITE:Ω_FRAME
165,0.9505,0.2009,0.4196,0.2513,82.297,116.1492,50.4186,1.0117,True,REWRITE:Ω_FRAME
166,0.9532,0.0164,0.2631,0.2783,82.807,116.8705,50.663,1.0427,True,REWRITE:Ω_FRAME
167,0.976,0.2227,0.7383,0.7143,83.2485,117.5898,50.9719,1.0513,True,REWRITE:Ω_FRAME
168,0.9523,0.0199,0.3254,0.957,83.7508,118.2817,51.2592,1.0676,True,REWRITE:Ω_FRAME
169,0.9767,0.0266,0.6013,0.9642,84.1963,118.9531,51.5533,1.1037,True,REWRITE:Ω_FRAME
170,0.9524,0.0602,0.4882,0.7287,84.7324,119.6935,51.9044,1.0979,True,REWRITE:Ω_FRAME
171,0.9535,0.0067,0.4876,0.8681,85.3047,120.4741,52.2248,1.1296,True,REWRITE:Ω_FRAME
172,0.9533,0.0893,0.2613,0.0146,85.8225,121.2633,52.4477,1.1433,True,REWRITE:Ω_FRAME
173,0.9602,0.0387,0.5986,0.9734,86.312,121.905,52.7231,1.0896,True,REWRITE:Ω_FRAME
174,0.9388,0.3679,0.486,0.9997,86.8705,122.6049,53.0461,1.1428,True,REWRITE:Ω_FRAME
175,0.941,0.0123,0.5743,0.7011,87.3747,123.3359,53.3447,1.0487,True,REWRITE:Ω_FRAME
176,0.9455,0.0381,0.4145,0.4183,87.8452,124.0756,53.684,1.08,True,REWRITE:Ω_FRAME
177,0.939,0.0629,0.4141,0.8184,88.3529,124.8226,53.954,1.1346,True,REWRITE:Ω_FRAME
178,0.9447,0.0602,0.2596,0.9787,88.8534,125.5455,54.2439,1.104,True,REWRITE:Ω_FRAME
179,0.9703,0.2874,0.7514,0.1011,89.3724,126.2771,54.5686,1.0747,True,REWRITE:Ω_FRAME
180,0.9549,0.091,0.2591,0.999,89.8203,126.9712,54.8545,1.059,True,REWRITE:Ω_FRAME
181,0.9771,0.4321,0.5935,0.9702,90.2875,127.6742,55.2119,1.0439,True,REWRITE:Ω_FRAME
182,0.9493,0.0301,0.4119,0.5535,90.7234,128.3454,55.521,1.0778,True,REWRITE:Ω_FRAME
183,0.9432,0.0574,0.531,0.941,91.1972,129.0517,55.8201,1.0231,True,REWRITE:Ω_FRAME
184,0.9375,0.0218,0.4111,0.783,91.7252,129.6996,56.0733,1.0578,True,REWRITE:Ω_FRAME
185,0.9719,0.0894,0.5911,0.4277,92.158,130.4472,56.4277,1.0546,True,REWRITE:Ω_FRAME
186,0.9442,0.0195,0.4102,0.1218,92.6252,131.2111,56.6516,1.0046,True,REWRITE:Ω_FRAME
187,0.9386,0.1689,0.4794,0.447,93.0538,131.9438,56.856,0.9444,True,REWRITE:Ω_FRAME
188,0.9459,0.027,0.5283,0.9336,93.5571,132.6809,57.1347,0.8829,True,REWRITE:Ω_FRAME
189,0.9666,0.0605,0.5887,0.0721,94.0928,133.3709,57.4277,0.8744,True,REWRITE:Ω_FRAME
190,0.9319,0.0972,0.2565,0.9443,94.5475,134.06,57.7565,0.8706,True,REWRITE:Ω_FRAME
191,0.9492,0.0168,0.6225,0.9215,95.0448,134.7655,58.0214,0.9497,True,REWRITE:Ω_FRAME
192,0.9343,0.2869,0.256,0.9919,95.5023,135.5648,58.2394,0.9032,True,REWRITE:Ω_FRAME
193,0.932,0.1516,0.4074,0.1273,96.0329,136.3038,58.5692,0.8923,True,REWRITE:Ω_FRAME
194,0.961,0.0376,0.5858,0.9969,96.5816,136.9195,58.8477,0.9316,True,REWRITE:Ω_FRAME
195,0.941,0.0229,0.5448,0.77,97.0113,137.6307,59.1077,0.8912,True,REWRITE:Ω_FRAME
196,0.9502,0.0879,0.255,0.9981,97.4756,138.2938,59.43,1.0087,False,REWRITE:Ω_FRAME
197,0.9788,0.0107,0.6611,0.918,97.9951,139.011,59.7233,0.9926,True,REWRITE:Ω_FRAME
198,0.9569,0.1772,0.2545,0.9925,98.4752,139.7157,59.9988,1.0241,True,REWRITE:Ω_FRAME
199,0.9726,0.0971,0.5916,0.84,98.9827,140.4122,60.2814,0.99,True,REWRITE:Ω_FRAME
200,0.955,0.3633,0.4047,0.3587,99.4788,141.1794,60.5784,1.01,True,REWRITE:Ω_FRAME
201,0.9624,0.0368,0.4043,0.0007,100.0546,141.8422,60.8496,1.0282,True,REWRITE:Ω_FRAME
202,0.9711,0.0399,0.404,0.9969,100.6119,142.6088,61.1856,1.0912,True,REWRITE:Ω_FRAME
203,0.9918,0.0942,0.6574,0.4774,101.1259,143.3503,61.4904,1.0527,True,REWRITE:Ω_FRAME
204,0.9694,0.0234,0.4032,0.5638,101.6537,144.0785,61.8592,1.0405,True,REWRITE:Ω_FRAME
205,0.9694,0.1933,0.4029,0.6578,102.2243,144.773,62.1097,1.0402,True,REWRITE:Ω_FRAME
206,0.9623,0.0,0.4709,0.9957,102.6976,145.5179,62.4496,1.0883,True,REWRITE:Ω_FRAME
207,0.9529,0.0114,0.5565,0.8296,103.2291,146.2501,62.7775,1.0922,True,REWRITE:Ω_FRAME
208,0.9369,0.1032,0.4018,0.8307,103.7425,147.0211,63.1137,1.1196,True,REWRITE:Ω_FRAME
209,0.9605,0.01,0.7811,0.2985,104.1953,147.7704,63.4921,1.072,True,REWRITE:Ω_FRAME
210,0.9532,0.0327,0.2517,0.8197,104.6397,148.4249,63.8524,1.0863,True,REWRITE:Ω_FRAME
211,0.9434,0.0765,0.4688,0.0881,105.0807,149.1534,64.0976,1.1085,True,REWRITE:Ω_FRAME
212,0.9561,0.0745,0.4004,0.617,105.5857,149.7879,64.3666,1.0861,True,REWRITE:Ω_FRAME
213,0.9571,0.0545,0.4,0.9999,106.0987,150.4789,64.6477,1.0682,True,REWRITE:Ω_FRAME
214,0.9444,0.2718,0.3997,0.5561,106.6614,151.1688,64.9248,1.0184,True,REWRITE:Ω_FRAME
215,0.9757,0.0553,0.6313,0.071,107.1977,151.8579,65.2781,1.0595,True,REWRITE:Ω_FRAME
216,0.952,0.0639,0.399,0.7061,107.6647,152.542,65.5619,1.0083,True,REWRITE:Ω_FRAME
217,0.9454,0.2839,0.3987,0.9593,108.1533,153.2442,65.8706,1.0246,True,REWRITE:Ω_FRAME
218,0.9545,0.4309,0.3983,0.9916,108.6522,153.9981,66.1529,1.0037,True,REWRITE:Ω_FRAME
219,0.9715,0.0581,0.6483,0.9954,109.1833,154.6882,66.5563,1.0283,True,REWRITE:Ω_FRAME
220,0.9415,0.0556,0.3977,0.2083,109.7061,155.4151,66.8211,1.0706,True,REWRITE:Ω_FRAME
221,0.9447,0.0767,0.5719,0.8555,110.1722,156.1997,67.2101,1.0878,True,REWRITE:Ω_FRAME
222,0.9507,0.0503,0.2492,0.8538,110.6438,156.9495,67.5126,1.0729,True,REWRITE:Ω_FRAME
223,0.9887,0.0387,0.5793,0.9687,111.1706,157.6998,67.7788,1.0942,True,REWRITE:Ω_FRAME
224,0.9647,0.0865,0.5311,0.9032,111.7524,158.4023,68.0978,1.1162,True,REWRITE:Ω_FRAME
225,0.9678,0.0511,0.396,0.6956,112.216,159.0883,68.4724,1.1478,True,REWRITE:Ω_FRAME
226,0.9607,0.0069,0.2484,0.8883,112.7641,159.7801,68.8192,1.1482,True,REWRITE:Ω_FRAME
227,0.9757,0.0184,0.6441,0.9571,113.2872,160.538,69.1232,1.0633,True,REWRITE:Ω_FRAME
228,0.9488,0.0213,0.248,0.9723,113.7345,161.3118,69.4211,1.1158,True,REWRITE:Ω_FRAME
229,0.9463,0.0044,0.5682,0.9978,114.2604,162.0095,69.7951,1.1731,True,REWRITE:Ω_FRAME
230,0.9435,0.0082,0.5678,0.9981,114.7533,162.6955,70.1324,1.12,True,REWRITE:Ω_FRAME
231,0.9431,0.0455,0.5087,0.2052,115.2549,163.3626,70.4042,1.0501,True,REWRITE:Ω_FRAME
232,0.9411,0.0122,0.2472,0.7073,115.7967,164.0932,70.7088,1.0667,True,REWRITE:Ω_FRAME
233,0.9613,0.0136,0.641,0.9994,116.2952,164.7501,70.9756,1.0971,True,REWRITE:Ω_FRAME
234,0.9291,0.0339,0.3932,0.8499,116.8541,165.454,71.2238,1.0751,True,REWRITE:Ω_FRAME
235,0.9182,0.2942,0.4597,0.8356,117.3525,166.1817,71.5419,1.111,True,REWRITE:Ω_FRAME
236,0.9188,0.0875,0.3926,0.2796,117.8901,166.8775,71.7635,1.084,True,REWRITE:Ω_FRAME
237,0.9274,0.0665,0.5647,0.5146,118.3394,167.5879,72.054,1.05,True,REWRITE:Ω_FRAME
238,0.9226,0.0155,0.2461,0.9406,118.8304,168.2505,72.4013,1.072,True,REWRITE:Ω_FRAME
239,0.9506,0.0115,0.7316,0.8325,119.2689,168.9871,72.7116,1.1049,True,REWRITE:Ω_FRAME
240,0.9394,0.5169,0.2457,0.3709,119.7646,169.7451,73.0311,1.0595,True,REWRITE:Ω_FRAME
241,0.9409,0.0098,0.4576,0.3717,120.2358,170.4299,73.3039,1.0036,True,REWRITE:Ω_FRAME
242,0.9381,0.0877,0.4045,1.0,120.7422,171.1254,73.575,1.0201,True,REWRITE:Ω_FRAME
243,0.9371,0.1224,0.4569,0.58,121.2035,171.8862,73.9368,1.0198,True,REWRITE:Ω_FRAME
244,0.9411,0.0104,0.4566,0.1092,121.7182,172.6449,74.2818,0.9728,True,REWRITE:Ω_FRAME
245,0.9502,0.0044,0.5614,0.2747,122.2709,173.4202,74.5947,1.056,True,REWRITE:Ω_FRAME
246,0.95,0.0351,0.3897,0.4737,122.7915,174.0808,74.8522,1.1252,True,REWRITE:Ω_FRAME
247,0.9458,0.0103,0.5026,0.995,123.3138,174.7927,75.1668,1.1187,True,REWRITE:Ω_FRAME
248,0.9264,0.0624,0.3892,0.8365,123.8167,175.5208,75.4418,1.0611,True,REWRITE:Ω_FRAME
249,0.925,0.0267,0.5018,0.451,124.3181,176.2376,75.7494,1.0832,True,REWRITE:Ω_FRAME
250,0.9203,0.2459,0.2439,0.3097,124.8178,176.9234,76.0792,1.0329,True,REWRITE:Ω_FRAME
251,0.9328,0.0442,0.7061,0.8543,125.3046,177.6379,76.3839,1.0413,True,REWRITE:Ω_FRAME
252,0.9127,0.0069,0.388,0.3508,125.793,178.2997,76.7114,1.0779,True,REWRITE:Ω_FRAME
253,0.9141,0.1716,0.3878,0.6471,126.2533,179.0121,77.0566,1.0406,True,REWRITE:Ω_FRAME
254,0.9157,0.2025,0.5578,0.7617,126.7415,179.7296,77.3773,1.0339,True,REWRITE:Ω_FRAME
255,0.9104,0.022,0.459,0.0328,127.3226,180.4797,77.6827,1.0382,True,REWRITE:Ω_FRAME
256,0.9245,0.0029,0.2429,0.9188,127.8025,181.1476,77.9387,1.007,True,REWRITE:Ω_FRAME
257,0.9323,0.045,0.5566,0.7989,128.2857,181.9146,78.2317,1.0497,True,REWRITE:Ω_FRAME
258,0.9262,0.1578,0.3864,0.1502,128.7841,182.5612,78.5595,0.996,True,REWRITE:Ω_FRAME
259,0.9575,0.0193,0.629,0.3476,129.3069,183.2479,78.8786,0.9391,True,REWRITE:Ω_FRAME
260,0.9223,0.2306,0.4515,0.8215,129.7771,183.905,79.2323,0.9594,True,REWRITE:Ω_FRAME
261,0.9197,0.1086,0.3856,0.6009,130.3203,184.6107,79.4587,0.9952,True,REWRITE:Ω_FRAME
262,0.9249,0.0115,0.2419,0.6212,130.8671,185.2508,79.7678,0.9993,True,REWRITE:Ω_FRAME
263,0.9423,0.03,0.6791,0.9685,131.4027,185.9671,80.153,0.9386,True,REWRITE:Ω_FRAME
264,0.9081,0.138,0.3849,0.9844,131.8167,186.6541,80.5078,0.9461,True,REWRITE:Ω_FRAME
265,0.9173,0.0198,0.5536,0.355,132.2813,187.4251,80.8255,0.9444,True,REWRITE:Ω_FRAME
266,0.9218,0.0205,0.3843,0.9047,132.7717,188.1546,81.1281,0.9591,True,REWRITE:Ω_FRAME
267,0.9304,0.3233,0.4493,0.7651,133.323,188.8017,81.4503,0.96,True,REWRITE:Ω_FRAME
268,0.9257,0.0801,0.2409,0.1145,133.8233,189.4148,81.705,0.9181,True,REWRITE:Ω_FRAME
269,0.9465,0.1621,0.6764,0.9376,134.2819,190.1451,81.9835,0.9642,True,REWRITE:Ω_FRAME
270,0.9178,0.1079,0.2406,0.7593,134.8411,190.7851,82.3162,0.9978,True,REWRITE:Ω_FRAME
271,0.9337,0.0369,0.5302,0.5911,135.3452,191.452,82.6723,1.0226,True,REWRITE:Ω_FRAME
272,0.9359,0.0045,0.551,0.6999,135.8144,192.179,82.8656,1.0496,True,REWRITE:Ω_FRAME
273,0.9434,0.1853,0.3826,0.9646,136.3424,192.8712,83.1312,1.1005,True,REWRITE:Ω_FRAME
274,0.9337,0.0346,0.4473,0.9814,136.8526,193.6076,83.4051,1.0547,True,REWRITE:Ω_FRAME
275,0.9458,0.0643,0.6224,0.9392,137.3816,194.2897,83.7607,1.0894,True,REWRITE:Ω_FRAME
276,0.9219,0.0318,0.2397,0.5427,137.929,194.9716,84.0979,1.0307,True,REWRITE:Ω_FRAME
277,0.9224,0.1702,0.3816,0.1039,138.4388,195.6039,84.3968,1.007,True,REWRITE:Ω_FRAME
278,0.9133,0.0158,0.4462,0.0521,138.9818,196.3437,84.7384,0.9888,True,REWRITE:Ω_FRAME
279,0.9272,0.0098,0.6721,0.2251,139.5264,197.0848,85.0348,0.9717,True,REWRITE:Ω_FRAME
280,0.889,0.0896,0.2391,0.0447,139.949,197.8047,85.3275,0.9391,True,REWRITE:Ω_FRAME
281,0.8962,0.2246,0.5479,0.3601,140.4771,198.4999,85.6287,0.9764,True,REWRITE:Ω_FRAME
282,0.8986,0.1697,0.2388,0.7693,140.9749,199.2045,85.9093,0.9602,True,REWRITE:Ω_FRAME
283,0.8978,0.0149,0.4448,0.9381,141.4893,199.895,86.2128,0.9843,True,REWRITE:Ω_FRAME
284,0.8897,0.0244,0.5469,0.1311,141.9848,200.6101,86.4592,0.995,True,REWRITE:Ω_FRAME
285,0.8951,0.0796,0.5465,0.5208,142.5342,201.3086,86.7515,0.9816,True,REWRITE:Ω_FRAME
286,0.9041,0.1339,0.3795,0.7678,143.077,202.062,87.0619,0.9812,True,REWRITE:Ω_FRAME
287,0.9265,0.0036,0.6183,0.9675,143.5258,202.7629,87.3269,1.0608,True,REWRITE:Ω_FRAME
288,0.9012,0.1952,0.2949,0.0922,144.0728,203.4319,87.5202,1.0731,True,REWRITE:Ω_FRAME
289,0.9061,0.1492,0.5452,0.8652,144.5612,204.1027,87.823,1.1377,True,REWRITE:Ω_FRAME
290,0.9152,0.0817,0.3786,0.8866,145.0927,204.7867,88.1061,1.0818,True,REWRITE:Ω_FRAME
291,0.9175,0.1925,0.4426,0.9988,145.6399,205.4594,88.4383,1.0881,True,REWRITE:Ω_FRAME
292,0.9223,0.0963,0.2373,0.694,146.1803,206.1016,88.7007,1.0773,True,REWRITE:Ω_FRAME
293,0.9535,0.0307,0.6155,0.7604,146.6561,206.8246,89.0029,1.0307,True,REWRITE:Ω_FRAME
294,0.9336,0.0829,0.3777,0.7103,147.1678,207.4841,89.2928,0.9619,True,REWRITE:Ω_FRAME
295,0.9326,0.0672,0.4871,0.1417,147.6719,208.1735,89.577,0.9596,True,REWRITE:Ω_FRAME
296,0.9445,0.0127,0.4868,0.0049,148.1478,208.8905,89.8539,0.9949,True,REWRITE:Ω_FRAME
297,0.9503,0.0541,0.377,0.946,148.6343,209.5862,90.1136,0.9929,True,REWRITE:Ω_FRAME
298,0.951,0.1595,0.3768,0.9996,149.0812,210.3141,90.3295,0.9849,True,REWRITE:Ω_FRAME
299,0.9776,0.0845,0.6847,0.4691,149.6191,211.0846,90.6501,1.0394,True,REWRITE:Ω_FRAME
300,0.9388,0.0077,0.3763,0.0096,150.1665,211.8211,90.9766,1.048,True,REWRITE:Ω_FRAME
301,0.9451,0.0072,0.3761,0.5806,150.7093,212.4764,91.2837,1.0642,True,REWRITE:Ω_FRAME
302,0.9477,0.1194,0.3759,0.9135,151.1736,213.151,91.615,1.0595,True,REWRITE:Ω_FRAME
303,0.9381,0.1747,0.5199,0.9977,151.7064,213.8343,91.9424,0.9967,True,REWRITE:Ω_FRAME
304,0.9276,0.0634,0.3755,0.3147,152.1778,214.5626,92.2315,1.019,True,REWRITE:Ω_FRAME
305,0.9588,0.0822,0.6113,0.6927,152.626,215.3631,92.4966,1.0574,True,REWRITE:Ω_FRAME
306,0.9402,0.2388,0.2354,0.6516,153.1388,216.0067,92.7762,1.0828,True,REWRITE:Ω_FRAME
307,0.9662,0.0063,0.6106,0.7156,153.634,216.7347,93.1337,1.0923,True,REWRITE:Ω_FRAME
308,0.9328,0.014,0.3746,0.9925,154.1617,217.447,93.451,1.1255,True,REWRITE:Ω_FRAME
309,0.9387,0.0047,0.5389,0.5095,154.6354,218.1317,93.727,1.177,True,REWRITE:Ω_FRAME
310,0.9331,0.0458,0.2349,0.4186,155.1158,218.789,93.9893,1.2096,True,REWRITE:Ω_FRAME
311,0.9646,0.0472,0.6595,0.0033,155.6549,219.5084,94.2763,1.1503,True,REWRITE:Ω_FRAME
312,0.9421,0.026,0.2346,0.764,156.0472,220.1967,94.5589,1.0897,True,REWRITE:Ω_FRAME
313,0.9413,0.0273,0.3736,0.0957,156.535,220.8764,94.8669,1.0921,True,REWRITE:Ω_FRAME
314,0.9606,0.0017,0.6082,0.5023,157.0011,221.6076,95.1967,1.0678,True,REWRITE:Ω_FRAME
315,0.9343,0.0289,0.4366,0.3735,157.5544,222.33,95.5193,1.0692,True,REWRITE:Ω_FRAME
316,0.9318,0.1406,0.2341,0.348,158.0522,223.0566,95.8061,1.0023,True,REWRITE:Ω_FRAME
317,0.93,0.203,0.5366,0.1086,158.5262,223.7323,96.1014,0.9999,True,REWRITE:Ω_FRAME
318,0.9448,0.0658,0.3726,0.7904,159.0485,224.4647,96.4147,0.9999,True,REWRITE:Ω_FRAME
319,0.95,0.0299,0.5679,0.992,159.5536,225.2169,96.7131,0.9859,True,REWRITE:Ω_FRAME
320,0.9475,0.1115,0.3722,0.7369,160.0395,225.998,97.0376,1.0153,True,REWRITE:Ω_FRAME
321,0.9484,0.2546,0.5354,0.2831,160.5972,226.6784,97.2773,0.9072,False,REWRITE:Ω_FRAME
322,0.9461,0.0975,0.3718,0.6598,161.166,227.402,97.6077,0.9662,True,REWRITE:Ω_FRAME
323,0.9331,0.0719,0.5774,0.4571,161.6256,228.1721,97.9106,0.9409,True,REWRITE:Ω_FRAME
324,0.9304,0.0179,0.4345,0.903,162.0727,228.868,98.2028,0.9615,True,REWRITE:Ω_FRAME
325,0.9266,0.0612,0.3712,0.7778,162.6417,229.5884,98.4833,0.9134,True,REWRITE:Ω_FRAME
326,0.9259,0.1011,0.371,0.3899,163.1308,230.2314,98.8215,0.9707,True,REWRITE:Ω_FRAME
327,0.9313,0.1196,0.4785,0.8868,163.6154,230.9069,99.1575,0.9941,True,REWRITE:Ω_FRAME
328,0.9376,0.2113,0.3706,0.8808,164.1662,231.5944,99.4361,0.9994,True,REWRITE:Ω_FRAME
329,0.9666,0.0068,0.7207,0.8589,164.7013,232.3169,99.7174,1.0605,True,REWRITE:Ω_FRAME
330,0.9381,0.05,0.2324,0.9748,165.1813,233.0362,100.0339,1.0354,True,REWRITE:Ω_FRAME
331,0.944,0.1954,0.4329,0.9673,165.6598,233.7363,100.3646,1.0315,True,REWRITE:Ω_FRAME
332,0.9475,0.092,0.4327,0.9979,166.1736,234.3847,100.6922,0.9949,True,REWRITE:Ω_FRAME
333,0.9402,0.0073,0.3696,0.9982,166.7235,235.1049,100.9713,0.989,True,REWRITE:Ω_FRAME
334,0.9286,0.1699,0.3695,0.6944,167.2094,235.834,101.254,1.0372,True,REWRITE:Ω_FRAME
335,0.9507,0.1056,0.6897,0.0196,167.7551,236.534,101.56,1.014,True,REWRITE:Ω_FRAME
336,0.9175,0.0206,0.2317,0.1125,168.2584,237.3055,101.7687,1.0253,True,REWRITE:Ω_FRAME
337,0.9151,0.1567,0.4316,0.9895,168.795,237.9459,102.1044,1.014,True,REWRITE:Ω_FRAME
338,0.9093,0.0356,0.3687,0.1135,169.2577,238.6442,102.3783,1.0442,True,REWRITE:Ω_FRAME
339,0.9375,0.0414,0.6003,0.9448,169.6571,239.2488,102.7055,1.0039,True,REWRITE:Ω_FRAME
340,0.9112,0.1009,0.3683,0.7433,170.1448,239.9378,103.0269,1.0002,True,REWRITE:Ω_FRAME
341,0.9265,0.1333,0.5997,0.8523,170.6389,240.684,103.3275,0.9935,True,REWRITE:Ω_FRAME
342,0.9096,0.1649,0.3255,0.9827,171.1423,241.4072,103.7192,0.988,True,REWRITE:Ω_FRAME
343,0.9198,0.3827,0.4746,0.6689,171.6243,242.158,104.0099,0.9383,True,REWRITE:Ω_FRAME
344,0.9236,0.063,0.5291,0.1723,172.0634,242.8555,104.2498,0.9385,True,REWRITE:Ω_FRAME
345,0.9211,0.1876,0.3674,0.8411,172.5719,243.5297,104.6248,0.9108,True,REWRITE:Ω_FRAME
346,0.9234,0.0123,0.2305,0.0207,173.0261,244.2424,104.9671,0.9355,True,REWRITE:Ω_FRAME
347,0.9547,0.0521,0.5979,0.1513,173.6094,244.9346,105.2201,1.0013,True,REWRITE:Ω_FRAME
348,0.9234,0.0935,0.2303,0.3919,174.1197,245.6607,105.5528,1.0217,True,REWRITE:Ω_FRAME
349,0.9511,0.03,0.5973,0.9886,174.6062,246.313,105.8246,1.0176,True,REWRITE:Ω_FRAME
350,0.9192,0.1792,0.473,0.1835,175.0849,246.9266,106.1714,0.9894,True,REWRITE:Ω_FRAME
351,0.9215,0.0066,0.535,0.3785,175.5719,247.5768,106.4425,1.05,True,REWRITE:Ω_FRAME
352,0.9204,0.0793,0.2298,0.9983,176.0886,248.2769,106.7702,1.0819,True,REWRITE:Ω_FRAME
353,0.9087,0.0478,0.5268,1.0,176.5306,248.9826,107.1122,1.064,True,REWRITE:Ω_FRAME
354,0.8996,0.0918,0.3658,0.9909,177.0109,249.6643,107.4197,1.0633,True,REWRITE:Ω_FRAME
355,0.8927,0.0518,0.4278,0.6662,177.5719,250.3034,107.7135,1.0166,True,REWRITE:Ω_FRAME
356,0.8751,0.0583,0.5261,0.5394,178.0125,250.9967,107.9873,1.0202,True,REWRITE:Ω_FRAME
357,0.8713,0.0488,0.3653,1.0,178.5518,251.6833,108.2707,1.0703,True,REWRITE:Ω_FRAME
358,0.871,0.2359,0.2292,1.0,179.0592,252.3582,108.6105,1.0819,True,REWRITE:Ω_FRAME
359,0.886,0.1213,0.7127,0.8458,179.5107,253.0492,108.8991,1.1156,True,REWRITE:Ω_FRAME
360,0.8538,0.0084,0.2838,0.6848,179.9732,253.7229,109.2141,1.0823,True,REWRITE:Ω_FRAME
361,0.843,0.1043,0.3646,0.9458,180.444,254.3441,109.5249,0.9966,True,STABLE
362,0.845,0.0137,0.4264,0.7752,180.9215,254.9609,109.8883,1.019,True,STABLE
363,0.8751,0.0701,0.5934,0.9992,181.4585,255.715,110.1079,1.008,True,REWRITE:Ω_FRAME
364,0.8539,0.0082,0.3641,0.9969,181.975,256.3632,110.3776,0.9793,True,REWRITE:Ω_FRAME
365,0.84,0.1423,0.5239,0.6182,182.4553,256.9623,110.6982,0.9611,True,STABLE
366,0.8408,0.0502,0.2283,0.8152,182.9168,257.6655,110.9899,0.9348,True,STABLE
367,0.8444,0.176,0.5032,0.8785,183.4716,258.3183,111.2347,0.9375,True,STABLE
368,0.8325,0.0957,0.4252,0.6865,183.9555,259.0305,111.5949,0.9374,True,STABLE
369,0.8438,0.1898,0.5229,0.9531,184.4318,259.7256,111.8734,0.9894,True,STABLE
370,0.8463,0.0662,0.3631,0.9206,184.9706,260.4229,112.2082,0.9725,True,STABLE
371,0.8711,0.0425,0.5912,0.184,185.5709,261.1007,112.5442,0.9436,True,REWRITE:Ω_FRAME
372,0.8562,0.0203,0.2277,0.9165,186.0389,261.7603,112.883,0.9502,True,REWRITE:Ω_FRAME
373,0.8578,0.0516,0.522,0.4018,186.6118,262.4454,113.1617,1.0023,True,REWRITE:Ω_FRAME
374,0.8647,0.0606,0.4678,0.9714,187.1652,263.1178,113.4228,0.9689,True,REWRITE:Ω_FRAME
375,0.8686,0.2258,0.4675,0.8315,187.7723,263.7867,113.6833,0.9664,True,REWRITE:Ω_FRAME
376,0.8691,0.0633,0.3621,0.9985,188.3095,264.48,114.001,0.9763,True,REWRITE:Ω_FRAME
377,0.9035,0.1268,0.6383,0.1174,188.8167,265.1704,114.1973,0.9786,True,REWRITE:Ω_FRAME
378,0.8807,0.2258,0.2271,0.5195,189.3575,265.8843,114.59,0.9768,True,REWRITE:Ω_FRAME
379,0.9129,0.1655,0.5891,0.9467,189.8365,266.6051,114.8543,0.9926,True,REWRITE:Ω_FRAME
380,0.8818,0.0234,0.3615,0.5815,190.363,267.3022,115.2373,1.0005,True,REWRITE:Ω_FRAME
381,0.8924,0.0481,0.3614,0.3256,190.855,267.947,115.5152,1.003,True,REWRITE:Ω_FRAME
382,0.896,0.0806,0.2267,0.6317,191.3505,268.7118,115.7954,1.0447,True,REWRITE:Ω_FRAME
383,0.8987,0.3529,0.5708,0.9997,191.852,269.3887,116.129,1.0048,True,REWRITE:Ω_FRAME
384,0.8906,0.0934,0.5194,0.4377,192.4402,270.0321,116.4442,1.0235,True,REWRITE:Ω_FRAME
385,0.8966,0.0001,0.3607,0.5459,192.9158,270.7316,116.6858,1.052,True,REWRITE:Ω_FRAME
386,0.8974,0.0491,0.4218,0.3584,193.5066,271.4475,117.0267,1.0509,True,REWRITE:Ω_FRAME
387,0.8953,0.0623,0.4217,0.9654,194.033,272.1481,117.3386,1.0302,True,REWRITE:Ω_FRAME
388,0.8948,0.0512,0.2261,0.6995,194.5381,272.9193,117.6325,1.0755,True,REWRITE:Ω_FRAME
389,0.9225,0.2415,0.7007,0.429,194.9654,273.565,117.916,1.0562,True,REWRITE:Ω_FRAME
390,0.892,0.2017,0.3599,0.9778,195.448,274.2244,118.2016,1.0208,True,REWRITE:Ω_FRAME
391,0.9054,0.0841,0.5254,0.9851,195.9517,274.9672,118.4455,1.0984,True,REWRITE:Ω_FRAME
392,0.9026,0.0644,0.3596,0.761,196.432,275.7047,118.7923,1.0812,True,REWRITE:Ω_FRAME
393,0.9042,0.1315,0.3595,0.3581,196.9253,276.3727,119.0061,1.0512,True,REWRITE:Ω_FRAME
394,0.9139,0.0924,0.3593,0.9999,197.3948,277.0939,119.3143,1.0547,True,REWRITE:Ω_FRAME
395,0.947,0.2891,0.6532,0.9994,197.8929,277.8098,119.6169,1.0275,True,REWRITE:Ω_FRAME
396,0.923,0.1348,0.2254,0.5801,198.405,278.5211,119.9359,1.0164,True,REWRITE:Ω_FRAME
397,0.926,0.0672,0.3589,0.9638,198.9452,279.2262,120.214,0.9781,True,REWRITE:Ω_FRAME
398,0.9429,0.157,0.5164,0.933,199.3427,279.9065,120.4929,1.0312,True,REWRITE:Ω_FRAME
399,0.9426,0.0085,0.5572,0.8066,199.8743,280.6794,120.8038,0.9993,True,REWRITE:Ω_FRAME
400,0.9419,0.0346,0.225,0.4421,200.3331,281.4415,121.125,1.0302,True,REWRITE:Ω_FRAME
401,0.9496,0.17,0.5157,0.762,200.8236,282.1375,121.4009,1.059,True,REWRITE:Ω_FRAME
402,0.9406,0.0294,0.3581,0.9719,201.2941,282.9061,121.6909,1.0656,True,REWRITE:Ω_FRAME
403,0.9421,0.0989,0.4188,0.9487,201.7521,283.6123,121.9751,1.0622,True,REWRITE:Ω_FRAME
404,0.9388,0.2142,0.4953,0.9933,202.2363,284.2835,122.28,1.0454,True,REWRITE:Ω_FRAME
405,0.9328,0.0617,0.5149,0.6879,202.7542,284.9474,122.5445,1.0554,True,REWRITE:Ω_FRAME
406,0.9324,0.0413,0.3576,0.7538,203.3,285.6733,122.8522,1.0248,True,REWRITE:Ω_FRAME
407,0.9569,0.0995,0.6303,0.9622,203.8117,286.3494,123.1498,1.0043,True,REWRITE:Ω_FRAME
408,0.9385,0.0099,0.2242,0.3152,204.2918,287.0813,123.4362,0.9862,True,REWRITE:Ω_FRAME
409,0.9383,0.0628,0.514,0.976,204.783,287.8041,123.7322,0.9635,True,REWRITE:Ω_FRAME
410,0.9369,0.0617,0.357,0.4786,205.2613,288.5348,124.0593,1.0021,True,REWRITE:Ω_FRAME
411,0.9353,0.0436,0.4175,0.9693,205.7333,289.1929,124.3614,1.0398,True,REWRITE:Ω_FRAME
412,0.9404,0.0263,0.3567,0.7378,206.2268,289.9371,124.5827,1.0393,True,REWRITE:Ω_FRAME
413,0.9687,0.0538,0.5808,0.9507,206.7323,290.6107,124.8946,1.0683,True,REWRITE:Ω_FRAME
414,0.9434,0.0587,0.3564,0.7414,207.2153,291.3237,125.2412,1.0237,True,REWRITE:Ω_FRAME
415,0.9365,0.1051,0.5203,0.2914,207.7061,291.9921,125.5565,1.0628,True,REWRITE:Ω_FRAME
416,0.9285,0.1308,0.3561,0.6862,208.2023,292.6488,125.8782,1.03,True,REWRITE:Ω_FRAME
417,0.9327,0.0078,0.5124,0.4181,208.7345,293.3263,126.1091,1.0058,True,REWRITE:Ω_FRAME
418,0.9315,0.1608,0.2234,0.8959,209.1934,294.0882,126.4573,0.9936,True,REWRITE:Ω_FRAME
419,0.9521,0.0454,0.7665,0.9172,209.6819,294.7587,126.7586,1.0242,True,REWRITE:Ω_FRAME
420,0.9299,0.0299,0.2232,0.0047,210.1497,295.4102,127.08,1.0591,True,REWRITE:Ω_FRAME
421,0.9248,0.499,0.3554,0.0046,210.6299,296.1469,127.3708,0.9671,True,REWRITE:Ω_FRAME
422,0.9225,0.1468,0.4157,0.5664,211.1801,296.8161,127.6596,0.971,True,REWRITE:Ω_FRAME
423,0.9179,0.0108,0.4583,0.9564,211.6259,297.6011,128.0091,1.0263,True,REWRITE:Ω_FRAME
424,0.9202,0.0965,0.4153,0.9983,212.1634,298.2512,128.2663,1.0046,True,REWRITE:Ω_FRAME
425,0.917,0.027,0.5108,0.9865,212.6589,299.0103,128.5583,0.9984,True,REWRITE:Ω_FRAME
426,0.9194,0.0686,0.3547,0.008,213.1241,299.6882,128.859,1.0259,True,REWRITE:Ω_FRAME
427,0.9147,0.0685,0.4149,0.592,213.6818,300.3566,129.1468,1.0036,True,REWRITE:Ω_FRAME
428,0.9211,0.0957,0.5102,0.9812,214.1821,300.9979,129.4056,0.9746,True,REWRITE:Ω_FRAME
429,0.9225,0.011,0.51,0.7485,214.6456,301.7101,129.7722,0.9308,True,REWRITE:Ω_FRAME
430,0.9182,0.0328,0.2223,0.9966,215.1385,302.4052,130.0745,0.9635,True,REWRITE:Ω_FRAME
431,0.9388,0.0148,0.5929,0.999,215.6689,303.0986,130.3867,0.9658,True,REWRITE:Ω_FRAME
432,0.924,0.0523,0.2222,0.0266,216.1555,303.7578,130.72,1.0201,True,REWRITE:Ω_FRAME
433,0.9157,0.0351,0.5092,0.7116,216.631,304.4609,131.1203,1.0072,True,REWRITE:Ω_FRAME
434,0.9101,0.041,0.5091,0.7197,217.1252,305.1969,131.3759,1.0322,True,REWRITE:Ω_FRAME
435,0.911,0.0278,0.4136,0.7493,217.5666,305.9273,131.712,1.009,True,REWRITE:Ω_FRAME
436,0.9051,0.2108,0.3534,0.1758,218.0984,306.5813,131.9907,0.9704,True,REWRITE:Ω_FRAME
437,0.904,0.0077,0.5085,0.1252,218.6188,307.2196,132.3162,0.9969,True,REWRITE:Ω_FRAME
438,0.9088,0.2219,0.2217,0.9121,219.1376,307.923,132.6001,1.0477,True,REWRITE:Ω_FRAME
439,0.9364,0.0228,0.6225,0.9613,219.6052,308.671,132.8844,1.0861,True,REWRITE:Ω_FRAME
440,0.9171,0.0421,0.4728,0.0354,220.1532,309.3306,133.1727,1.051,True,REWRITE:Ω_FRAME
441,0.917,0.066,0.5077,0.0166,220.6958,310.0568,133.5345,1.0116,True,REWRITE:Ω_FRAME
442,0.9106,0.0245,0.2213,0.974,221.195,310.7141,133.7866,1.0129,True,REWRITE:Ω_FRAME
443,0.9069,0.1279,0.5742,0.6073,221.6691,311.4381,134.0642,1.0391,True,REWRITE:Ω_FRAME
444,0.9081,0.0817,0.3524,0.7504,222.1969,312.1145,134.3342,1.0343,True,REWRITE:Ω_FRAME
445,0.9027,0.2494,0.3522,0.1289,222.6923,312.8522,134.6222,1.0638,True,REWRITE:Ω_FRAME
446,0.8965,0.0451,0.3521,0.9691,223.205,313.5346,134.9507,1.0629,True,REWRITE:Ω_FRAME
447,0.8962,0.0666,0.5367,0.9722,223.6993,314.2559,135.2803,1.0079,True,REWRITE:Ω_FRAME
448,0.8907,0.0307,0.2208,0.8016,224.2138,314.9472,135.6105,0.9519,True,REWRITE:Ω_FRAME
449,0.9203,0.0758,0.6396,0.9849,224.7589,315.6501,135.9387,0.9719,True,REWRITE:Ω_FRAME
450,0.9085,0.0962,0.3516,0.415,225.272,316.3217,136.2433,0.9781,True,REWRITE:Ω_FRAME
451,0.908,0.1134,0.4112,0.9717,225.772,317.045,136.6139,0.9634,True,REWRITE:Ω_FRAME
452,0.9068,0.2942,0.3513,0.7225,226.277,317.825,136.9205,0.9511,True,REWRITE:Ω_FRAME
453,0.9125,0.09,0.3512,0.9772,226.754,318.4493,137.2914,0.8992,True,REWRITE:Ω_FRAME
454,0.9154,0.0614,0.5053,0.9942,227.2656,319.1891,137.479,0.8814,True,REWRITE:Ω_FRAME
455,0.942,0.0122,0.6189,0.794,227.7836,319.8461,137.6546,0.8784,True,REWRITE:Ω_FRAME
456,0.9179,0.0251,0.2202,0.9619,228.2975,320.5594,137.9203,0.9381,True,REWRITE:Ω_FRAME
457,0.9191,0.1115,0.3507,0.3057,228.7987,321.2054,138.259,0.9641,True,REWRITE:Ω_FRAME
458,0.9148,0.1635,0.4524,0.9205,229.2633,321.9536,138.5426,0.9891,True,REWRITE:Ω_FRAME
459,0.9255,0.0244,0.5709,0.8442,229.7221,322.5967,138.868,0.9971,True,REWRITE:Ω_FRAME
460,0.9213,0.0796,0.2199,0.5378,230.1998,323.2565,139.2278,1.0032,True,REWRITE:Ω_FRAME
461,0.9407,0.0493,0.6814,0.9895,230.7139,323.9689,139.5694,0.9941,True,REWRITE:Ω_FRAME
462,0.9157,0.0738,0.2197,0.9494,231.1924,324.6746,139.9003,1.0192,True,REWRITE:Ω_FRAME
463,0.9181,0.0058,0.4843,0.958,231.6974,325.386,140.153,0.9943,True,REWRITE:Ω_FRAME
464,0.9176,0.0749,0.5036,0.9165,232.2059,326.0985,140.4518,1.0492,True,REWRITE:Ω_FRAME
465,0.9146,0.0004,0.3497,0.9145,232.6867,326.8052,140.7063,1.0756,True,REWRITE:Ω_FRAME
466,0.9169,0.1143,0.2194,0.4338,233.1518,327.5086,141.001,1.0449,True,REWRITE:Ω_FRAME
467,0.9483,0.0124,0.6355,0.5347,233.6793,328.2327,141.262,1.01,True,REWRITE:Ω_FRAME
468,0.922,0.0404,0.3494,0.4638,234.1378,328.9898,141.4772,0.9787,True,REWRITE:Ω_FRAME
469,0.9228,0.0323,0.5027,0.6125,234.6165,329.682,141.7429,0.9738,True,REWRITE:Ω_FRAME
470,0.9193,0.045,0.3491,0.9994,235.1131,330.4066,141.9983,0.8663,False,REWRITE:Ω_FRAME
471,0.9256,0.0799,0.4504,0.8526,235.5706,331.1547,142.343,0.8854,True,REWRITE:Ω_FRAME
472,0.9258,0.0205,0.3489,0.6397,236.0349,331.7972,142.6088,0.9207,True,REWRITE:Ω_FRAME
473,0.9273,0.0787,0.502,0.8207,236.5313,332.5639,142.9143,1.0002,True,REWRITE:Ω_FRAME
474,0.9276,0.0044,0.4079,0.9557,237.0112,333.2957,143.1974,0.9925,True,REWRITE:Ω_FRAME
475,0.927,0.0126,0.5677,0.4987,237.4763,334.0036,143.5421,1.0063,True,REWRITE:Ω_FRAME
476,0.9284,0.0204,0.4076,0.9436,238.0513,334.7558,143.8805,1.0431,True,REWRITE:Ω_FRAME
477,0.9358,0.1563,0.3483,0.3641,238.589,335.4659,144.1982,0.9929,True,REWRITE:Ω_FRAME
478,0.9399,0.0976,0.2185,0.6195,239.1137,336.1876,144.5622,1.0063,True,REWRITE:Ω_FRAME
479,0.9729,0.0769,0.6797,0.6983,239.6187,336.8402,144.8791,1.0275,True,REWRITE:Ω_FRAME
480,0.9544,0.32,0.3479,0.4715,240.1166,337.5963,145.1471,1.0567,True,REWRITE:Ω_FRAME
481,0.9473,0.2022,0.3478,0.6818,240.6636,338.3032,145.3897,1.1088,True,REWRITE:Ω_FRAME
482,0.949,0.0624,0.5005,0.9861,241.0895,338.9999,145.6824,1.1808,True,REWRITE:Ω_FRAME
483,0.9409,0.0121,0.4657,0.9329,241.488,339.7032,145.9421,1.1847,True,REWRITE:Ω_FRAME
484,0.9448,0.3798,0.3475,0.0068,241.984,340.3926,146.2604,1.1639,True,REWRITE:Ω_FRAME
485,0.9549,0.1768,0.5073,0.9314,242.5012,341.1438,146.5775,1.1617,True,REWRITE:Ω_FRAME
486,0.9568,0.0058,0.218,0.9922,243.0126,341.9391,146.865,1.1589,True,REWRITE:Ω_FRAME
487,0.9481,0.2961,0.448,0.3984,243.5598,342.6565,147.2038,1.1183,True,REWRITE:Ω_FRAME
488,0.9602,0.0065,0.347,0.1651,244.008,343.369,147.5357,1.0945,True,REWRITE:Ω_FRAME
489,0.9629,0.2768,0.5651,0.715,244.5547,344.0721,147.8395,1.0794,True,REWRITE:Ω_FRAME
490,0.9639,0.0418,0.2177,0.2065,245.023,344.7645,148.088,1.1099,True,REWRITE:Ω_FRAME
491,0.9645,0.0666,0.5647,0.5927,245.543,345.4169,148.4099,1.095,True,REWRITE:Ω_FRAME
492,0.9691,0.132,0.3466,0.8149,245.9815,346.1379,148.7004,1.1098,True,REWRITE:Ω_FRAME
493,0.9765,0.043,0.4987,0.5179,246.4922,346.8792,149.0669,1.1525,True,REWRITE:Ω_FRAME
494,0.9877,0.358,0.5641,0.8817,247.0996,347.5861,149.3385,1.1505,True,REWRITE:Ω_FRAME
495,0.9904,0.0023,0.4792,0.956,247.6729,348.3895,149.6726,1.113,True,REWRITE:Ω_FRAME
496,0.9819,0.0544,0.3461,0.978,248.1203,349.13,149.9676,1.0935,True,REWRITE:Ω_FRAME
497,0.9691,0.0029,0.498,1.0,248.6461,349.8789,150.2997,1.1072,True,REWRITE:Ω_FRAME
498,0.968,0.0128,0.2171,0.3059,249.0938,350.5839,150.6,1.0557,True,REWRITE:Ω_FRAME
499,0.9659,0.0602,0.505,0.3146,249.6146,351.2663,150.8854,1.0452,True,REWRITE:Ω_FRAME
