t,o,GPT-4o_mu,GPT-4o_F,GPT-4o_compliance,Claude-3.5-Sonnet_mu,Claude-3.5-Sonnet_F,Claude-3.5-Sonnet_compliance,GPT-4_mu,GPT-4_F,GPT-4_compliance
0.3157379551346526,0.31242124953711453,0.041235824916680604,0.17027706675687912,0.6002273227144731,0.03749054994445374,0.048803518581165994,0.7002619504792021,-0.0018820875416596938,0.3395308500507445,0.5002805309818212
0.6314759102693052,0.8864873071885254,0.17844928853995456,0.6139494037346342,0.6002237726558679,0.13937016081374234,0.36039774690547455,0.7003027843103499,0.048127264180421216,0.6190650115411342,0.5003362308788021
0.9472138654039577,1.336382961860641,0.3719444815344385,1.0649359367914202,0.600142266675278,0.2830116969393702,0.7164198229350712,0.7002579477939325,0.13413752314740143,0.9714666489976437,0.5002993160173644
1.2629518205386103,1.2604117618518593,0.5169112719941577,0.6680648245495807,0.6001262561260463,0.4002997047288689,0.47765544344546895,0.7002636623520253,0.20556206783427555,0.8131413005768404,0.5002959274353317
1.578689775673263,1.0886463333093697,0.6048614598687096,0.33510179359062603,0.6002193470648983,0.48290130015852895,0.23691054053907093,0.700355957786548,0.25509883721410037,0.6152424622008597,0.5003531000795753
1.8944277308079154,0.34579930416959104,0.5432960759623378,0.14788281024134495,0.6004821965472514,0.4664490606398564,0.009398478652075373,0.7007353863721344,0.2333324992560096,0.3026255625967567,0.5007776302899587
2.210165685942568,0.38795458462665733,0.5004792664860906,0.11640991173538033,0.6008250756340253,0.45702972351827253,0.0030806913822933437,0.7011626048440329,0.21740401299735962,0.3081274750802516,0.5011554701966622
2.5259036410772207,0.016856961042389512,0.39867477419643205,0.2667510334442794,0.6009578481502713,0.40420899202116656,0.09687603041282505,0.7013569659832346,0.16958587236074474,0.3139778032260466,0.501502574375478
2.8416415962118733,0.09242491402962781,0.3288371538114887,0.16561236703303217,0.601189109665961,0.3667949026621819,0.04860465564451695,0.7016192865638678,0.1329419009860398,0.29940614571272756,0.5019376389450194
3.157379551346526,-0.2579927786682935,0.20856449886491618,0.3455677268191206,0.6012758966596776,0.2918203809025249,0.1951798233711558,0.7017347515944625,0.06814530760615368,0.3580208412313179,0.5021773707947021
3.4731175064811786,-0.2844285200677024,0.10687825146033926,0.2724385307163788,0.601404198534182,0.2241244331743405,0.1660313979346974,0.7018691691660685,0.008300417325145804,0.3459901215146363,0.5024364898384722
3.7888554616158308,-0.24955842781909476,0.029666643413289603,0.18866551949337607,0.6016046140132235,0.16855934803967212,0.11218772639946306,0.7020477412160453,-0.043160396947343964,0.32205594985079977,0.5027481300837778
4.104593416750483,-0.06816970363648567,-0.0011785412860441137,0.10368257655246474,0.6019995457865502,0.14117803066769907,0.028020321953746492,0.7023563257630362,-0.07387439933102655,0.29475705332797836,0.5032261171824187
4.420331371885136,-0.7025953142169405,-0.14112855771831456,0.4502304607580303,0.6020425223466639,0.04043071981255733,0.3559767287689065,0.7023986917771531,-0.15938095697488436,0.4536402111052298,0.5033647484379127
4.736069327019789,-1.4476441510626044,-0.38846605871358747,1.324942712175955,0.601931957938562,-0.1363513698827941,1.1071834106650644,0.7023006089427922,-0.3028620827213456,0.9654174363068181,0.5033278321296499
5.051807282154441,-0.7864938312817393,-0.47072023518549,0.21020288169248236,0.6021087158200149,-0.211282285562658,0.21134261005693952,0.7024066172259511,-0.37257004057345183,0.38807370136801167,0.5035245658409017
5.367545237289094,-0.8813383483698101,-0.5572631939754891,0.217179777470007,0.6022786240673715,-0.29045577631321084,0.2244875636523111,0.7025053995197138,-0.4464850377191584,0.39778317068047453,0.5037104879522281
5.683283192423747,-0.7585214463553833,-0.6059686122963923,0.12460626845398359,0.6025840948877812,-0.34532073285441894,0.10954273573601393,0.7026865679581606,-0.5025935076054325,0.33201254582295414,0.5039912300015894
5.999021147558399,-0.3319031757377924,-0.5695221859001707,0.14891235195599795,0.602836609118418,-0.34284084547912097,9.001541948896811e-05,0.7031733280482909,-0.5156623833619063,0.30381729170102073,0.5043580655923882
6.314759102693052,0.7869005947195048,-0.33936460258552226,1.4190423688076526,0.6027171690027007,-0.20740477458547046,0.6381578608510324,0.7031428686136971,-0.42784869499439115,0.9784353451218912,0.5043184057501942
6.6304970578277045,1.1603355322915916,-0.08622427214854594,1.7139180180709104,0.6025743577634657,-0.045717795175253456,0.9353567735280798,0.703065212228449,-0.316765608530551,1.3129064901186012,0.5042300358135317
6.946235012962357,0.8198538413420052,0.05942875548784732,0.6859551188506177,0.602553447017969,0.055328686409698194,0.37460712897158266,0.7031012409611043,-0.24670742246404695,0.8147609567735166,0.504224361570541
7.26197296809701,1.1761829652671525,0.24419375605377677,0.9928338808071184,0.6024807782607516,0.18814960820407156,0.6281571572165319,0.7030727490745889,-0.14963652140635608,1.1115211843355444,0.5041628424126473
7.5777109232316615,1.6476254114568882,0.47983732323376915,1.5131651396775094,0.6023533401246621,0.36107641125328593,1.0650348101402272,0.7029793397792738,-0.01941165990613214,1.599885249579032,0.5040448811313093
7.893448878366314,0.8895862574744271,0.5357069745142888,0.21617713591085141,0.602523716780392,0.42161821946122524,0.13966132877634715,0.7031335717441332,0.030169246832798674,0.6265525093272699,0.5040949064494679
8.209186833500967,0.5065071080614255,0.5148968977187932,0.09556646162383896,0.6029898631658759,0.4309462239706602,0.003603061703888606,0.7035553251241409,0.04299239420996671,0.38370377910720865,0.5042948414587006
8.52492478863562,0.20993341081744044,0.4456282951734626,0.160982238075231,0.6032219510699443,0.4044501329608538,0.024423331788950012,0.7038743173486512,0.028960576471748607,0.3026973848081032,0.5046642200129968
8.840662743770272,0.520391333181401,0.4455223885220777,0.09758054639367858,0.6036396216604594,0.41898135391846886,0.006721180954290502,0.7042704219102557,0.04483339472292083,0.38848075637329615,0.504857562966103
9.156400698904925,-0.25623497716630184,0.30492950855649437,0.44729440489356503,0.603682477749591,0.33780680617888204,0.22795854688178938,0.7043673597393851,-0.011399009606155253,0.3269949507113652,0.5051443688392137
9.472138654039577,-0.2991847212545405,0.183913207202986,0.35540192641614743,0.6037622090418481,0.26288381936415767,0.2028791030109824,0.7044782364502548,-0.06462268277450751,0.3232536117323046,0.5054386455099686
9.78787660917423,0.42031522418234746,0.2141069024357211,0.1327134397312793,0.6040412179182862,0.28312585069500995,0.012392323611514376,0.704842218536655,-0.04843413654186135,0.38436444228955935,0.5056348090353572
10.103614564308883,-0.2312794995593839,0.11971657025627903,0.23474327806257214,0.6041929114132015,0.22103294708099216,0.1323064321851728,0.7050025437262298,-0.09413820066208298,0.3022705147739746,0.5059935018378793
10.419352519443535,-0.39605919926158334,0.014410005082681476,0.283151921157252,0.6043106029932022,0.14807449348702584,0.1904013585388433,0.7051209376762974,-0.1489491238170158,0.3249312935293459,0.5062798329505803
10.735090474578188,-0.9521377540036935,-0.1717620648949999,0.7640132848419187,0.604273596541411,0.01730393704069977,0.60523349476429,0.705097080028669,-0.24865481264741746,0.5487106842416059,0.5063602598749228
11.05082842971284,-0.6994451610505692,-0.2777306440912435,0.29193641089437405,0.6043858840313175,-0.06646099567849276,0.25686463480732374,0.7051795763300283,-0.3155975009335279,0.3695803152265955,0.5065716434928476
11.366566384847493,-1.0895823449912618,-0.4357564097269693,0.5657825246004269,0.6043924126685183,-0.18786186135867167,0.5233886477097907,0.7051738620535909,-0.4125308569808979,0.5294729912408902,0.5066610623540279
11.682304339982146,-1.2645553369741165,-0.5960268414626552,0.5857886911632992,0.6043937767013915,-0.31504378854406856,0.5796344202164333,0.7051553967681465,-0.5158030123194903,0.5806858896675687,0.5067270503154024
11.998042295116798,-1.1922106234463024,-0.7142792338360556,0.347125719965451,0.6044767241347621,-0.4182071258641266,0.38471082812620133,0.7051881144687829,-0.6031966343625866,0.47184443820725885,0.5068486444264393
12.313780250251451,-0.49853321234701786,-0.6868282953658998,0.12455992069808675,0.604771071416026,-0.42619392525143085,0.0032261400848284617,0.705613760912493,-0.6207603171386299,0.2907392560698651,0.5072625565711966
12.629518205386104,0.2969798930336025,-0.5229894484788022,0.7873304142925237,0.6047296671408866,-0.33944053351773035,0.2614901857264772,0.7056940854214826,-0.5668549369715303,0.6265849596712312,0.5073102118377285
12.945256160520756,0.1622690465145734,-0.4148711033671304,0.4286376932898489,0.6047784211363901,-0.2808926744356134,0.12585625134809528,0.7058599931397902,-0.5316338297819194,0.5006863985588739,0.5074139994268106
13.260994115655409,1.402251461112558,-0.10245142839223825,2.467835936052912,0.6045928324548433,-0.08000572912895662,1.4164870905151006,0.7057326902255529,-0.3873398631606752,1.799836490073276,0.5072788967745971
13.576732070790062,1.5940482100691815,0.1852190385639768,2.163054271866117,0.6044222349658487,0.11733003981852355,1.4012282956724018,0.7056066542602125,-0.24137481248807333,1.875431178629503,0.507138189063739
13.892470025924714,0.35673054437568497,0.1983554429796559,0.1123351916388784,0.6047515503993064,0.14266541449062245,0.02865630079111173,0.7059134959520814,-0.21972342891177052,0.4306042791257172,0.5072882595094255
14.208207981059367,1.0099134444631037,0.330300423452515,0.5647078998370889,0.6047581694784483,0.24643926431163626,0.3760595727455749,0.7059490434444061,-0.1378850544116675,0.8977862513282194,0.50726294158476
14.52394593619402,0.9696924252120809,0.429613465670301,0.38483559602125883,0.6048240138443163,0.3315334544294732,0.26154756737624224,0.7060293412338948,-0.06850339589204502,0.7822989055452063,0.5072637379181216
14.839683891328672,0.29161672278785583,0.38938242928801436,0.10406300506460534,0.6051819439689347,0.32539352643275765,0.000796672732474448,0.7064909566878759,-0.06601140087024365,0.33799555661435726,0.507518963261774
15.155421846463323,0.26715298303168755,0.3539669861999063,0.1003929390852631,0.605554030399186,0.3186636384108678,0.001695980447825965,0.7069359214279208,-0.06417883642498683,0.3299164686902571,0.5077882840145997
15.471159801597976,0.22861475873153989,0.3181162298137901,0.10020542947215044,0.6059232761325174,0.308089148493526,0.0040544003657510385,0.707353311481378,-0.06595705536117308,0.3191433081634976,0.5080797274125388
15.786897756732628,-0.38773430284220983,0.1779760699479086,0.44687542933951163,0.6059646885990505,0.22485873612681986,0.2420851377143875,0.7074429955072784,-0.12295641660745496,0.32577448695849376,0.5083551619426949
16.102635711867283,-0.543257758919544,0.03659503253184768,0.46259895265191925,0.6060007434917536,0.13420479063411972,0.2950014749811553,0.7075085691008746,-0.18745233526201854,0.35483422954609445,0.5085807085507478
16.418373667001934,-0.20497866873654952,-0.01825642246687692,0.13001616728054208,0.6062760043343269,0.0951020479950023,0.05752270955532721,0.7077552927801455,-0.2155887451044933,0.282962987706354,0.509065179796533
16.734111622136588,-0.44163747906505624,-0.10678788977356303,0.21650908507340347,0.6064391091256859,0.031343069305684326,0.14404465995432766,0.707906021145227,-0.2634215484325826,0.30256434260762927,0.5093961284039162
17.04984957727124,-1.2415588221235005,-0.3227933046346572,1.014269431361198,0.6063625284271241,-0.12033365575161427,0.8101396126019983,0.7078459873416436,-0.3784423796404302,0.6686925162964859,0.5094279517712065
17.365587532405893,-1.2122906433569518,-0.49283340641235923,0.656942914373464,0.6063462285067953,-0.24877002027192646,0.5961850313900615,0.7078240086422367,-0.4788695077603771,0.5627417818533256,0.5094992290562189
17.681325487540544,-1.2945251326659426,-0.6475166942777353,0.5500584722256938,0.606355904690929,-0.37212213382337644,0.5468018775491106,0.7078128257024712,-0.5781592513934948,0.5504456517557981,0.5095759003731674
17.9970634426752,-1.2311551445468127,-0.763016675684338,0.33254455587353504,0.6064440133201741,-0.47318610052127347,0.3689688567562857,0.7078507397654447,-0.6629460582513482,0.45354167202608064,0.509705743749122
18.31280139780985,-0.7740076687634897,-0.7758456842390069,0.08719895074843542,0.6069309958188001,-0.5076762045619464,0.045246807959853176,0.7081194847066523,-0.6993896517541603,0.285584058440224,0.5101148714783315
18.628539352944504,-0.870230519667069,-0.8048978011858756,0.09255212631672323,0.6073292571242199,-0.5507498014068328,0.06572281570067226,0.7083534004037472,-0.742389651540082,0.2915908309137777,0.5104816052790445
18.944277308079155,-0.20437588574767862,-0.7085677209340184,0.34499261681508414,0.6074104408483422,-0.5085764416687814,0.05998744472452744,0.7085961361240173,-0.7213350556079492,0.3962676083756709,0.5106553632986297
19.26001526321381,0.5473093452234395,-0.4960177587059874,1.220782706119506,0.6073093156258832,-0.3827444660436124,0.5574473974805023,0.7085825444675039,-0.6360548277653078,0.9305200127858779,0.5106222646696046
19.57575321834846,1.3831876743398124,-0.17305293275337574,2.627998771652207,0.6071165308972969,-0.17312702631598578,1.5592581622195918,0.7084440862368769,-0.48471350971995575,1.9300782849954283,0.5104772121446822
19.891491173483114,1.8900835999310321,0.18118158585784372,3.1504702320032747,0.606904237440738,0.07076721663529836,2.128419044129306,0.7082705410981364,-0.30284533905750466,2.5631084070733436,0.5102959557950438
20.207229128617765,1.6346801582090993,0.4248420041472201,1.6073053569940632,0.6067686425949873,0.25423902755391137,1.2229118444110094,0.708160569941856,-0.16085562092225678,1.7997801346959836,0.5101604174393269
20.522967083752416,1.1509872338740743,0.5387168788894428,0.46610927896167287,0.6068030092436049,0.3588024769077231,0.4020786727692148,0.708187788049493,-0.07393373862980791,0.9766564937718223,0.5101189945013533
20.83870503888707,0.8351009945024148,0.5768248482339494,0.1496413331839225,0.6070406568156687,0.41434113632978836,0.11343013893145043,0.7083651578280858,-0.021721715536150044,0.6144313901438059,0.5101690097956834
21.15444299402172,-0.08794122232805501,0.44298529931383657,0.4040967149393852,0.6070969171887564,0.3533085246327836,0.12614378390944317,0.708530811654237,-0.05634492302701045,0.2814379147559374,0.5106127643317627
21.470180949156376,-0.006040116528203257,0.35040392149028626,0.2309753189544114,0.6072467613403006,0.3114519764629584,0.06456572295212384,0.7087664581026316,-0.07824727290889061,0.27979935362701197,0.5110694509883377
21.785918904291027,0.23274945869712113,0.3171393008904165,0.09547312960230551,0.6076230431776992,0.302863652911068,0.0030970431513409665,0.7091934977484379,-0.07704498044218092,0.3170322796865215,0.5113507638239297
22.10165685942568,-0.1991394070662043,0.2115706725422026,0.2766653807329391,0.60774050457241,0.2428454921828796,0.1260035361132724,0.709359275353455,-0.11545268045797943,0.2833358272022634,0.5117517580841012
22.417394814560332,-0.033319262353046455,0.15596720355370047,0.12769816860853953,0.6080133809866822,0.21080815305132156,0.038133485823944144,0.7096428732364444,-0.1344797220150154,0.2792285726714855,0.5121829260751593
22.733132769694986,0.3810627575919177,0.1844847744279613,0.1204542041090314,0.6083007114755569,0.23180804835546098,0.014493315183637393,0.7099973881395433,-0.11499297300684204,0.38327668740278387,0.5123659916752669
23.048870724829637,-0.24782658238614672,0.09367317345844632,0.21796161569481393,0.6084591374459896,0.17386836798426186,0.11502468950331919,0.7101732306612196,-0.1548429839340263,0.28241414760066347,0.5127592075013472
23.36460867996429,-0.21711980945544584,0.026420255983050048,0.15262816543255164,0.6086874952518537,0.12796219303310588,0.07643587744881218,0.710392144032461,-0.18679033335512765,0.2760523382111009,0.5132061331313309
23.680346635098942,-0.5630086184799091,-0.09115283479473489,0.3327720160927756,0.6087732103690862,0.04581837179557509,0.23872033118147723,0.7104835202958426,-0.24716748914471398,0.330911513952542,0.513453184264673
23.996084590233597,-1.2114003017735306,-0.3034795880970477,0.9860207380979615,0.6086997774878867,-0.10365447765378911,0.7902993965854309,0.7104265433895771,-0.35977297448106516,0.6496403228354359,0.5134885707605694
24.311822545368248,-1.0757486861039172,-0.45177341947893146,0.512008128034394,0.6087187934765694,-0.21775585645357787,0.4724835750511405,0.7104336185565316,-0.44882317094765106,0.48063445243057024,0.5135967033885791
24.627560500502902,-1.1471347596370618,-0.5869110299662612,0.43070213628514914,0.6087639208638652,-0.3274025178909375,0.4318725728412678,0.710451920067111,-0.537000678661808,0.47030041855650295,0.5137107727883018
24.943298455637553,-0.20152039596385063,-0.5275586911776806,0.1894108356315512,0.6089476961531582,-0.3105184232414912,0.007923154310432981,0.7108401125168573,-0.5322448684066833,0.3181599975554325,0.5139788619086064
25.259036410772207,0.026985450946603318,-0.44029943025888013,0.3035184357000213,0.609048133402173,-0.2704793544200959,0.05695443254598657,0.7110877739025913,-0.509684292300621,0.39870138896679863,0.5141440619035573
25.57477436590686,1.0116327077522,-0.19196602807329466,1.5997407252360407,0.6089127883377955,-0.11745071687107622,0.8219056699838486,0.7110259644790208,-0.4008826328826597,1.2090460691260203,0.5140661479261154
25.890512321041513,1.2267743402228375,0.047990215522516755,1.5314078708202012,0.6087828176724174,0.04108938348504643,0.9034705020595679,0.7109525446817082,-0.28456355015062823,1.3448209290978437,0.5139718453334696
26.206250276176164,1.4874652671771524,0.2914797202351897,1.5743380301771688,0.6086494712534397,0.21187566676771358,1.0460015984630602,0.7108613126092643,-0.15524895783913922,1.5437911917562988,0.5138572276384182
26.521988231310818,1.155704455184315,0.43107881751280475,0.6204578200915983,0.6086403724773233,0.3222092333701563,0.4454063909219749,0.7108757612098607,-0.06757173590538712,0.96831807942589,0.5138159731012412
26.83772618644547,0.724056860819716,0.46905362533324335,0.14452127142451487,0.6088802507655273,0.36862609569726185,0.08074075784342007,0.7110891054995103,-0.02542058863322698,0.5261717670344649,0.5138999263905614
27.153464141580123,0.16359464355476622,0.40067382528149037,0.14941923494432907,0.6091120201340724,0.34335918029572643,0.02101894818383024,0.7114189593578657,-0.036257359745728246,0.28666948420850513,0.5142545441873915
27.469202096714774,-0.25259979478648575,0.27123212333423863,0.38904778405909246,0.6091725807660718,0.2724260818248507,0.1775835499905204,0.7115455418801065,-0.08218183188548517,0.29044655155095966,0.5145915686650706
27.78494005184943,-0.07758392981424553,0.19756874007311914,0.1692591385003984,0.6093775114143154,0.23176561860971967,0.06125350412380012,0.7117862771275333,-0.1073606737090529,0.2708254246547588,0.5150874476066074
28.10067800698408,0.1781612694287392,0.18265945679022141,0.08151616511147422,0.6098547524815261,0.2260870962023712,0.0014367131255582412,0.7122354000129668,-0.1077966299751482,0.3028418306921234,0.5153830117010779
28.416415962118734,-0.278204446411847,0.08772636879422537,0.23321528187469256,0.6099986522750106,0.16568087573386236,0.1271549799761139,0.7124001647687814,-0.14990383476272634,0.28099470027844725,0.5157500383888829
28.732153917253385,-0.10475033865307373,0.04228886380186989,0.10667673914500113,0.61031101840539,0.13429170486780345,0.03656652085739649,0.712687299080876,-0.17153532378613096,0.2693256526976586,0.516210987209916
29.04789187238804,-0.21339685039196993,-0.01501653907316168,0.12644809598804602,0.6105762330590966,0.09309155857040918,0.06044366572931424,0.712929310279307,-0.20148949472031047,0.26828774248112547,0.5166746797337136
29.36362982752269,-0.643189027668118,-0.13907361634661883,0.3629600201896649,0.6106464212313434,0.0054219809901174115,0.27105455083587465,0.7130052540570153,-0.2671751186107249,0.3456655238821289,0.5168902280945922
29.679367782657344,-0.7362094559462621,-0.2565480454229142,0.33543842941006025,0.6107289806804399,-0.08208494041022743,0.27500859412615947,0.713079428350607,-0.3344360086648837,0.3553167936987292,0.5170933982440258
29.995105737791995,-0.7121795352129945,-0.3485073411081851,0.22801407787071643,0.6108754943155552,-0.15623883084081436,0.1985095991998316,0.7131928896817398,-0.3934900841830926,0.3236027231107948,0.5173396840687172
30.310843692926646,-1.311967977351649,-0.5320842264745521,0.746593617634165,0.6108392833461527,-0.29372519342392855,0.6678549300473311,0.7131567698503679,-0.501449809811975,0.6069792961595024,0.5173871402821516
30.6265816480613,-1.0671109008111404,-0.6372222460898513,0.2844239837288969,0.6109482848725509,-0.38422708347640555,0.29906272619540897,0.7132206629706488,-0.5764945520964089,0.39481456973319506,0.5175497890961722
30.94231960319595,-0.22972084966929351,-0.5736148679262506,0.1976647496758855,0.611119875789013,-0.36424224558644075,0.011936088142628986,0.7135868341273885,-0.5703198392146926,0.3136024820891345,0.5178119282588778
31.258057558330606,-0.8286262997155227,-0.6314759592755986,0.12458244626908865,0.611385564530337,-0.42047294757543024,0.10782627486468106,0.7137697150951103,-0.6206256524192221,0.29139864563451356,0.5181233032069904
31.573795513465257,0.19462100597830773,-0.49308743894921786,0.56858293206056,0.6113877449075681,-0.3457822111970811,0.189170285849184,0.7138888741216175,-0.5727799984912899,0.5329273747674964,0.518200096951485
31.88953346859991,0.5447521001520121,-0.31929747778017126,0.8527443646085984,0.6113330983784364,-0.24033971316003508,0.39652567984500187,0.7139178251139359,-0.5001454889594604,0.769395392653762,0.5181986563917076
32.205271423734565,1.140966359182758,-0.07014821195569865,1.612640544193148,0.6111964286720579,-0.07648633547198208,0.9540032327455367,0.7138377627320415,-0.38088113042091865,1.3543681669522556,0.5181023704539623
32.521009378869216,1.4150152814050596,0.18219323589659614,1.6657187761041865,0.6110558569549603,0.09962279162204452,1.1122885365734148,0.7137391271113483,-0.24870016005687723,1.570019047505892,0.5179845886293004
32.83674733400387,0.7593501512138996,0.27074694745952305,0.3177275616170606,0.6111466680818933,0.1757750792399591,0.21762009449702047,0.7138416357066432,-0.1875640996246251,0.6755778219129088,0.5180089050402051
33.15248528913852,0.8965328993259268,0.37009973355504133,0.3596644652746189,0.6112177888543936,0.26106920253855687,0.25974591760753807,0.7139227750095289,-0.11761862930222151,0.739965042688695,0.5180150580131366
33.468223244273176,-0.07080074730820163,0.2772544160555281,0.21752755078952882,0.6113717766265347,0.21988930501376214,0.055068831805645,0.7141735990671744,-0.14117535956614072,0.2648576091738612,0.5184746255839697
33.78396119940783,0.4420060179323412,0.2960756048669602,0.09679947177803322,0.6117067089092847,0.24741670641116115,0.02466791707887723,0.714491851521649,-0.1139985128373018,0.4007914590517765,0.5186304220999673
34.09969915454248,0.33392475287624335,0.2907416157809678,0.07761802394505127,0.6121632631917457,0.25740986746748984,0.0037418210516024105,0.7149122312678031,-0.10030442920062055,0.3439964328468976,0.5188431139607935
34.41543710967713,-0.24033333935585813,0.18350615139988177,0.27874271135748735,0.6122740285618885,0.19758929331321784,0.12387414996939507,0.7150799024650045,-0.1391735323763968,0.27025505082851475,0.5192311929065749
34.73117506481179,-0.1080131189560978,0.12087360828170877,0.13664005206821858,0.6125148663664152,0.1620354773235329,0.046696417192412375,0.7153458324223962,-0.16128138210725865,0.26193085758948237,0.5197039135664608
35.04691301994644,0.42386197419743055,0.16484120887393425,0.1410676711809708,0.6127482267641653,0.19410232805135813,0.03427655723262857,0.715638334404624,-0.13394800317659583,0.39926123557522253,0.5198589515530689
35.36265097508109,0.03322335739954396,0.1292654595733081,0.0869762928269184,0.613111828308423,0.17423104658800334,0.012941021598993642,0.715999750646352,-0.14549612970945472,0.27160033373159764,0.5202281734470722
35.67838893021574,-0.5672690807903196,-0.006810744500301613,0.42309180684524433,0.6131565376572896,0.08560941783711612,0.2749112194510346,0.7160739682328333,-0.20899800584246922,0.33159008412255764,0.5204530235114158
35.9941268853504,-0.5070230288316748,-0.10610535662368276,0.25383980185054844,0.6132814381648498,0.01604620484011736,0.17560660842231865,0.7162018594968168,-0.26005932497026,0.2950656132798937,0.5207415286701601
36.30986484048505,-1.3006931524640588,-0.3307200224440705,1.1009059250892534,0.6131923680187504,-0.1407850849689234,0.8669012675369074,0.7161335006293625,-0.3783126534337481,0.6970990416440591,0.520757905444738
36.6256027956197,-1.1489094530759025,-0.4857774844136307,0.555607703928801,0.6131969528488939,-0.25907068687351725,0.508157370785548,0.7161314777546253,-0.4706788599039918,0.49898105729611,0.5208483855637626
36.94134075075435,-1.4275834384520159,-0.663842552327413,0.7122449819469624,0.6131663995786585,-0.39733473240943873,0.6827110253007769,0.716092623302085,-0.5805980256211397,0.6291481097131746,0.5208856692587882
37.25707870588901,-0.6366977905293483,-0.6670568492711212,0.07419772426969612,0.613634853439423,-0.4237741630960062,0.028647336796257597,0.7163994893720782,-0.6091175760377264,0.2595032708496399,0.5213376061657681
37.57281666102366,-0.46942118489989315,-0.6417264799773987,0.1008533893198028,0.6139431544990948,-0.42896092941760855,0.001041825299782266,0.7168558350404998,-0.6220560591145863,0.2652283957557224,0.5217259212015456
37.88855461615831,0.1945307824551271,-0.5017873573900858,0.575628561461033,0.6139422788565551,-0.3541980179365351,0.19437095738699722,0.7169717913725752,-0.574367012025047,0.5266078558759529,0.5218023139447997
38.20429257129296,1.1677971440039379,-0.21351558866578246,2.079124375539384,0.6137752235987959,-0.17298962969925966,1.1582346364851033,0.7168683028390089,-0.44480720304061405,1.4856254304640357,0.5216917299692216
38.52003052642762,0.8643321241166353,-0.03404023791053498,0.9089136510066164,0.6137112541543662,-0.05175358574072243,0.5380182104698421,0.7168591433251162,-0.35613603806899685,0.9507240801149996,0.5216508192822706
38.83576848156227,1.251283435741956,0.18394923032295585,1.2620584928483727,0.6136045850855106,0.10251672155484419,0.8489527396772252,0.7167933525847469,-0.23937366716702363,1.3031362941740645,0.521559536814188
39.15150643669692,0.7138891793853643,0.26520813684880895,0.2749930015498118,0.6137158589541432,0.17325263004206176,0.1868881410968656,0.7169139415709496,-0.18203580476957915,0.6249084984915746,0.5215977683235453
39.46724439183157,0.19563891976623193,0.240276435457559,0.0760529927868613,0.6141388083166734,0.17482911267571555,0.00025057298380724353,0.7173920454540423,-0.1748560516304032,0.31457293336195574,0.5218440886367207
39.78298234696623,0.5677846670228242,0.2883557775253839,0.14895076542161842,0.6143566783159322,0.2220912526236018,0.07720703384612171,0.7176099434493367,-0.13347660164223282,0.47967549371228035,0.5219434736748206
40.09872030210088,1.1939710369551613,0.43961376043988487,0.6617867220088208,0.6143358950891027,0.33799001189658406,0.4722751575961792,0.7176170737561363,-0.04032693554363652,0.9697705321035669,0.5218991162182878
40.41445825723553,-0.49704406346753477,0.2578298659589564,0.7030042827644223,0.6143067072340811,0.23584773975417445,0.3486409535096044,0.7176620227646725,-0.10903823919829544,0.34068093421374157,0.5221078106297337
40.73019621237018,-0.10768428452112491,0.18333950330833876,0.16757901335668424,0.6145018192851008,0.19654645572517768,0.05900712585134244,0.7179063295485315,-0.1323847997203959,0.2557851211838062,0.5226065935536035
41.04593416750483,0.23791347203154678,0.1832450081867842,0.07314075043458358,0.6149403556969574,0.20225306446914124,0.0008556150190457036,0.7183666057857672,-0.12369108237306269,0.31032074096809564,0.5228566300553055
41.36167212263949,-0.1465839699006698,0.11317993481969135,0.1484460400521595,0.6151567933988594,0.1603114932077135,0.06084363827396237,0.7186079851922624,-0.15122204439795292,0.25449899403062654,0.5233364423949841
41.67741007777414,-0.2652436962987475,0.035426894646328866,0.17279361330626347,0.6153445000576863,0.10999573857270536,0.09054860965793995,0.7188094662765172,-0.18598421885905458,0.25859249473641716,0.5237433735820821
41.99314803290879,-0.8951437488044116,-0.14146988103666164,0.6928034400503016,0.6153169369614528,-0.009748131033201601,0.5051526945423667,0.7188081846980012,-0.27410789312291217,0.4561906845953253,0.5238537834222728
42.30888598804344,-0.9283680182744802,-0.2910574905801842,0.5151963745167054,0.6153312667646134,-0.11791163460938607,0.42193124861758974,0.7188293926801815,-0.35601525588833166,0.4256552392576093,0.5239831757496699
42.6246239431781,-0.9785605262348496,-0.42295630151800545,0.409652971775527,0.6153792108763707,-0.2193688121165491,0.37035825732806943,0.7188668395915794,-0.4353312695111527,0.408996507021142,0.5241240819424974
42.94036189831275,-1.444208753055389,-0.6150216391826187,0.820170308482462,0.6153285475099907,-0.3646774703202629,0.7501164404595305,0.7188163101272342,-0.5495701713366068,0.6639745157200385,0.524148193776831
43.2560998534474,-0.8251993225962846,-0.6601723621603531,0.10114865917571605,0.615627133552648,-0.417517034334606,0.10604018821186899,0.7190009969043897,-0.5970384963657351,0.2824720412011109,0.5244494333032665
43.57183780858205,-0.9981859109915686,-0.7301255245703018,0.15100800751400428,0.6158385652779738,-0.48643375945626377,0.16858817215902938,0.7191336404736836,-0.6575225986209547,0.31627342893916804,0.5246841695221083
43.88757576371671,-0.6770474050146247,-0.7292725952243883,0.07035131592246059,0.6162786855016208,-0.5082472912891322,0.01816678093652422,0.7194735434965748,-0.6833098364218468,0.25078605427199113,0.5251669006505897
44.20331371885136,-0.04879444716951664,-0.6163233346193846,0.40083899618249363,0.6163291723644693,-0.4528763312255558,0.10554845798480185,0.7196587317875355,-0.6510134443826809,0.41272315927402525,0.5253034120182161
44.51905167398601,0.7538189504952117,-0.38082171118022695,1.4189903699215758,0.6162073627680101,-0.3091696456848153,0.7280567514635812,0.7196118981165178,-0.5507684215327854,1.048682569331402,0.5252450400231637
44.834789629120664,1.2189200555889812,-0.1058824740201233,1.9101903531130044,0.6160498648688694,-0.12839520810347443,1.1675290675695202,0.719507453701233,-0.41926600655786717,1.517887828906983,0.5251307354098368
45.15052758425532,1.2527602165876015,0.12479668560410262,1.3969554419963557,0.6159300393435131,0.03417619469450672,0.9537951535767932,0.7194274178873716,-0.2971451841888966,1.3819855639891971,0.5250299651199323
45.46626553938997,0.821602580649621,0.23662878464352222,0.4177276091795077,0.6159746520936981,0.12589908061171107,0.31002015664916627,0.719486881487024,-0.22437563328116,0.756836677099263,0.5250282527573676
45.78200349452462,0.5283466102876351,0.2769755960408769,0.12932218446754482,0.6162153591510471,0.17272310690262524,0.08098200707112686,0.7196999206409602,-0.18313882662017855,0.4794127587503771,0.5251243957056206
46.097741449659274,0.4930014662218427,0.30467165858725814,0.1011696488408652,0.6165094945915545,0.21048531952785537,0.05128911372410488,0.7199573366759512,-0.14791006647212004,0.43490331530857895,0.525246082788173
46.41347940479393,-0.39452793531952923,0.16789252769415391,0.418974662742871,0.6165532566984047,0.13735787041162068,0.18302051927051313,0.7200803844900299,-0.19554376966253145,0.27414008558376346,0.5255644428051662
46.72921735992858,0.12653801849592927,0.15183276248021454,0.06812482731352948,0.6170059775352709,0.1374678155602227,5.853459773874546e-05,0.7205696804541968,-0.18988372476242057,0.290884469086325,0.5258397125624176
47.044955315063234,-0.23397506545394797,0.07241143677088237,0.17315837459805727,0.6171895188345138,0.09295415968790383,0.06898490692805367,0.7207988395127647,-0.2185658213421993,0.24910791363637533,0.5263015449316073
47.360693270197885,-0.5211301039302009,-0.04341022246754474,0.3192708859181997,0.6172735457513079,0.02009142692483333,0.18854974141169498,0.7209183858540186,-0.2696152687559256,0.28447269390147223,0.5265875182293414
47.67643122533254,-0.3315395695103179,-0.10362997861356311,0.12522624334903654,0.6175166229378388,-0.020810951398262716,0.061822178826988664,0.7211582327520532,-0.29846842906925575,0.2483779842460051,0.5270347284327777
47.992169180467194,-0.3520050105542781,-0.1572594379228585,0.10938366679823924,0.6177870092638448,-0.0598600452766117,0.054844752410119095,0.7214094380275891,-0.32712800655723673,0.24709134018507123,0.5274887603843924
48.307907135601845,-0.6268284135655544,-0.25064492159747526,0.22318239795032463,0.6179266069739665,-0.12725014136192664,0.1607265653201131,0.7215476130030622,-0.3779142000863537,0.2813997144854005,0.5277763291679194
48.623645090736495,-0.7506053715042706,-0.34885983231539786,0.2441183111111908,0.6180516255136226,-0.20091940637489017,0.1942858714729073,0.7216636211209604,-0.4347057492285961,0.3007013189115692,0.5280251561000476
48.93938304587115,-1.3481349481334273,-0.536766211600957,0.782853294079813,0.6180063507626081,-0.33736150781834456,0.6580517496261667,0.7216293405518011,-0.5400312640119548,0.581862612871733,0.5280739775315667
49.255121001005804,-1.0875094064688047,-0.6426297606479316,0.2823763064939194,0.6181084369307888,-0.4250692504307333,0.28136093492485054,0.7217007208338738,-0.6112778925584693,0.3652436331064078,0.5282438908984362
49.570858956140455,-1.3136950774665186,-0.771097280005382,0.3880197609329405,0.6181623681200046,-0.5302908992793521,0.3948279302375167,0.7217302063389881,-0.6974070352847539,0.44333512837305794,0.5283565701235412
49.886596911275106,-0.6684344563183962,-0.7598909426805525,0.07126381562450819,0.618552685165735,-0.5451559811633793,0.009541821175699804,0.7221088301240242,-0.7173902391177356,0.24362682093736218,0.5288311574461926
50.202334866409764,-0.8504812535816433,-0.7852038305153534,0.06880338485752252,0.6189546356012863,-0.5816856803599305,0.046611760988643565,0.7223749226996681,-0.7535741957281521,0.24951153845068288,0.5292241884805172
50.518072821544415,0.29632586535226846,-0.5989661672078488,0.9042793965887551,0.6188898277380738,-0.47580617973807554,0.3854521372019624,0.7224074007892108,-0.6827779071829567,0.6879791290329174,0.5292383510750512
50.833810776679066,0.7632021635255934,-0.3651868381760231,1.3981821886261079,0.6187693917106146,-0.32909861842548715,0.7675708373384909,0.722354027083842,-0.5789629715589308,1.0883209356288506,0.529172872580976
51.14954873181372,1.6112726185240611,-0.021749844413793407,2.875063445043789,0.6185659734857154,-0.09887189179569564,1.88252026859056,0.7221941201943424,-0.40883540424639725,2.1844926905648556,0.5290094355692587
51.46528668694837,1.368653523707309,0.21435537433882515,1.4547875518079734,0.6184407180914002,0.07321967021517775,1.0768154225736333,0.7220993845104532,-0.2773241753884146,1.5215652189056792,0.5288940894140571
51.781024642083025,0.9888252379034149,0.34069244839381596,0.4949771339074227,0.6184590236495314,0.18019762206102694,0.41916677779084954,0.7221214126444635,-0.19062697394851663,0.8914812275674799,0.5288614808083555
52.096762597217676,0.7754690913685128,0.4071853640964389,0.19918407777990704,0.6186161695981498,0.24992766484691264,0.17717406108574654,0.7222482652016863,-0.12964131492734887,0.6202803893888127,0.528896387063119
52.41250055235233,0.23969199967201177,0.36605872114910304,0.08296656033457449,0.6189488145857389,0.24765885167762097,5.23844207863393e-05,0.7227381332438395,-0.12163563512574961,0.29745210026930685,0.5291469124403738
52.72823850748698,0.3720329675128456,0.3577344707720256,0.06212806879464479,0.6194416965201951,0.2627971371757648,0.007734460344896936,0.7231275169337665,-0.10105438194158692,0.3404081942578654,0.5293392885351058
53.043976462621636,0.15329119621855422,0.3113286485341125,0.09121048476691503,0.6197446952840912,0.24952123206859,0.005995775552462045,0.7235288190026291,-0.10234682249753005,0.2675215505472831,0.5296530170992129
53.35971441775629,0.17975936128424214,0.27872755664623844,0.07297415312197375,0.6201083402940194,0.24148773572732873,0.002433359307666024,0.7239636064794597,-0.10058362438339445,0.2729254448673799,0.5299505316830356
53.67545237289094,-0.1520925292241433,0.19227361226151135,0.19341960081230267,0.6202675429830872,0.19447037543034718,0.07745271247963546,0.724181182657273,-0.12892773517389636,0.24117346938147557,0.5304062275216295
53.99119032802559,-0.06587915407836724,0.1377672641849329,0.10744776658745671,0.6205310280458679,0.16410199997319927,0.033890938757704485,0.7244746133497809,-0.14618027396166355,0.24079747000589571,0.5308525307531967
54.30692828316025,-0.35226959569913907,0.041274634487401346,0.2318359532206942,0.620660733428084,0.10268235494093156,0.13331981240859844,0.7246340823103272,-0.18792706296348466,0.25549642594996275,0.5311960706453817
54.6226662382949,-0.5767741163131768,-0.0775613636602629,0.33370719916746355,0.6207348987994519,0.022217710441844354,0.2308305481645425,0.7247295130446846,-0.24551026850143087,0.29884468122322577,0.5314368320462242
54.93840419342955,-0.8755156295356668,-0.22834238950589325,0.5169765299097997,0.6207457427081149,-0.08413431885075938,0.40296257485358883,0.7247564574677676,-0.3244417389445849,0.3978735716549623,0.5315749921744447
55.2541421485642,-1.2765014735476745,-0.4235943622647172,0.8495274897144702,0.6206886535195738,-0.2254173073390237,0.7108697158000087,0.7247125854469967,-0.4319003795636422,0.6039491996433755,0.5316135375466902
55.56988010369886,-1.0659653173070998,-0.5450661402350647,0.35572381255593755,0.6207533556349621,-0.3239014287954818,0.3532604785306464,0.7247559018911124,-0.5101413154090652,0.3995984547432437,0.5317502132057679
55.88561805883351,-1.6018166312594264,-0.7419548832972748,0.8625328409318411,0.6206942531880728,-0.47566243048536955,0.8165336323442323,0.7246948997953884,-0.6304062689324041,0.7191603466594437,0.5317546248443686
56.20135601396816,-0.6671304535579097,-0.7340457359559344,0.06264255422964568,0.6211118617437865,-0.49612498159503005,0.01833000192965338,0.7250342005408849,-0.6547679203111115,0.2370369599345081,0.5322226305462652
56.51709396910281,-0.33304930755203843,-0.6699868083997336,0.1735509341391572,0.6212869919716767,-0.4763822285080364,0.013296837732288024,0.725393989824005,-0.649274470578552,0.2774733995546968,0.5324980968090043
56.83283192423747,0.6873702139072001,-0.4345596678917088,1.3839670379809272,0.6211673895624124,-0.33723331146473645,0.6771598736137142,0.725356149903133,-0.5530989846317848,0.9585845064704179,0.5324520273494241
57.14856987937212,1.3849582304399943,-0.11846945000983344,2.4413298961667556,0.6209815169900594,-0.13312784393432228,1.4829718535040972,0.725223500982073,-0.4049673873269177,1.7563025817023232,0.5323164254384276
57.46430783450677,1.518250548407415,0.16327132697019742,1.98681066033753,0.6208188916218625,0.061424987749711224,1.3635252973465901,0.7251006632923974,-0.2592813843800992,1.7333678765968872,0.5321826056034517
57.78004578964142,1.0682024558052974,0.3133754848019251,0.6479704672693081,0.6207982970008886,0.17888984974625807,0.5068004350922083,0.7250989746477511,-0.16691232645282492,0.9493311939042105,0.5321382413827845
58.09578374477608,0.39256422833434945,0.3163766766965412,0.06291842311183854,0.6212115169157378,0.2026080358918705,0.0228283700325035,0.7254229188766499,-0.14212152257406963,0.36249419345382405,0.5323033433309147
58.41152169991073,0.5535864752999571,0.34985162698333516,0.09809027792702502,0.6214899379886242,0.24447114837084938,0.06159293246466796,0.7256631231395974,-0.10324654778167111,0.43141720875205486,0.5324182975925702
58.72725965504538,0.15581839904381273,0.30540386580390716,0.08412732737488578,0.6218010733367524,0.2332320885377448,0.003929654981621199,0.7260816896895079,-0.10400780988070664,0.2623448367177044,0.5327292233890583
59.04299761018003,0.45604880134708453,0.324189508862016,0.07273745888195708,0.622147975508977,0.2602892793121729,0.024823643753579892,0.726399473736393,-0.07664355650510093,0.3615752333727662,0.5328940944826407
59.35873556531469,0.20593307427440194,0.2938913364049165,0.0657729496934357,0.6225237030140699,0.25337721659761475,0.0014772985130540976,0.7268479198072958,-0.0749741596685631,0.26655087970111035,0.5331913398610092
59.67447352044934,-0.04896210215329822,0.22398539834951828,0.13958749981031815,0.6227322072697274,0.2172934858327159,0.04570453183138307,0.7271157688506305,-0.09571866395360258,0.2338913542681335,0.5336684645399947
59.99021147558399,-0.14223222131958674,0.15054829374676804,0.15109863382894095,0.622926911676612,0.17483630495590213,0.06462936705168164,0.7273513194876939,-0.12238364273873792,0.23353929288264028,0.5341282843687937
60.30594943071864,-0.6729900327914055,-0.005000611237400532,0.5424612468464287,0.6229298675503324,0.07386353702094708,0.3594047494890059,0.7273924958848326,-0.19425123688346307,0.354526226952979,0.5342969365977874
60.62168738585329,-0.89842824424439,-0.17189814325367397,0.6288535784020749,0.6229124666764289,-0.04104339309219093,0.47267565395806105,0.7273995202559216,-0.27886089626398225,0.4322315561712206,0.5344090218639249
60.93742534098795,-0.393279699818217,-0.21751281981097864,0.08946211802973911,0.6232025696144977,-0.08134412154910789,0.06203520788799554,0.7276390359715003,-0.3101817187308927,0.23648407962789714,0.5348156591461446
61.2531632961226,-1.511352009549694,-0.45759303781766025,1.258889151981694,0.6230943259597376,-0.2523301867819772,1.0224612798719481,0.7275505572694096,-0.44068486188049305,0.814706759063729,0.5347961850502079
61.56890125125725,-1.2470598365615087,-0.6041943792603497,0.502556983030104,0.6231078416520655,-0.36878460805436264,0.4947435380752547,0.7275518783382124,-0.5332431122690239,0.49375507281526676,0.5348756474616142
61.8846392063919,-1.2904314972246798,-0.7333005713069399,0.39284771178770184,0.6231562422429178,-0.4774823053182177,0.4247164941586614,0.7275722653071377,-0.622458706955715,0.46244907645303224,0.5349703653392619
62.20037716152656,-1.1209308191004275,-0.8087702981530548,0.1618727059973617,0.6233387632830328,-0.5529504611891034,0.20701299494426725,0.7276807419290786,-0.6885584752992605,0.3306914201888106,0.5351606751629836
62.51611511666121,-0.6100305967843608,-0.7793029478951983,0.0817606510420191,0.6236461996807621,-0.5586484133574985,0.001629070939786484,0.7281267440024568,-0.7033358534000376,0.23217613389417344,0.5355946653236965
62.83185307179586,0.6413932880083968,-0.5312236176880656,1.505939612830139,0.6235159079333541,-0.41471124441922913,0.7200500425085763,0.7280812808411808,-0.605367086971252,0.9611707371725985,0.5355471015560496
